Type,Strike,Bid,Ask,Expiration
call,150.0,192.15,192.4,2021-11-26
call,155.0,187.05,187.25,2021-11-26
call,165.0,176.6,177.6,2021-11-26
call,175.0,166.55,167.6,2021-11-26
call,180.0,161.6,162.6,2021-11-26
call,190.0,151.6,152.6,2021-11-26
call,200.0,141.6,142.65,2021-11-26
call,205.0,136.65,137.6,2021-11-26
call,215.0,121.4,122.55,2021-11-26
call,230.0,112.1,112.65,2021-11-26
call,240.0,102.05,102.7,2021-11-26
call,250.0,92.1,92.55,2021-11-26
call,255.0,87.0,87.4,2021-11-26
call,260.0,81.85,82.95,2021-11-26
call,265.0,76.95,77.9,2021-11-26
call,270.0,71.85,73.05,2021-11-26
call,275.0,66.7,68.0,2021-11-26
call,280.0,61.4,62.75,2021-11-26
call,285.0,57.15,57.5,2021-11-26
call,290.0,52.15,52.7,2021-11-26
call,295.0,46.8,47.7,2021-11-26
call,300.0,41.5,42.55,2021-11-26
call,305.0,37.1,37.75,2021-11-26
call,310.0,31.95,32.7,2021-11-26
call,312.5,29.55,30.75,2021-11-26
call,315.0,27.25,27.65,2021-11-26
call,317.5,24.05,25.15,2021-11-26
call,320.0,22.25,22.7,2021-11-26
call,322.5,19.5,20.25,2021-11-26
call,325.0,17.3,17.65,2021-11-26
call,327.5,14.85,15.35,2021-11-26
call,330.0,12.45,12.95,2021-11-26
call,332.5,9.85,10.6,2021-11-26
call,335.0,7.9,8.25,2021-11-26
call,337.5,5.85,6.1,2021-11-26
call,340.0,4.25,4.3,2021-11-26
call,342.5,2.67,2.75,2021-11-26
call,345.0,1.64,1.7,2021-11-26
call,347.5,0.97,1.03,2021-11-26
call,350.0,0.58,0.6,2021-11-26
call,355.0,0.23,0.26,2021-11-26
call,360.0,0.11,0.13,2021-11-26
call,365.0,0.06,0.07,2021-11-26
call,370.0,0.04,0.05,2021-11-26
call,375.0,0.03,0.04,2021-11-26
call,380.0,0.02,0.03,2021-11-26
call,385.0,0.02,0.03,2021-11-26
call,390.0,0.02,0.03,2021-11-26
call,395.0,0.01,0.03,2021-11-26
call,400.0,0.01,0.03,2021-11-26
call,405.0,0.01,0.03,2021-11-26
call,410.0,0.0,0.03,2021-11-26
call,415.0,0.01,0.02,2021-11-26
call,420.0,0.0,0.02,2021-11-26
call,425.0,0.0,0.01,2021-11-26
call,430.0,0.0,0.02,2021-11-26
call,435.0,0.0,0.01,2021-11-26
call,440.0,0.0,0.03,2021-11-26
call,455.0,0.0,0.04,2021-11-26
call,460.0,0.0,0.04,2021-11-26
call,465.0,0.0,0.04,2021-11-26
call,475.0,0.0,0.01,2021-11-26
puts,150.0,0.0,0.01,2021-11-26
puts,155.0,0.0,0.06,2021-11-26
puts,180.0,0.0,0.05,2021-11-26
puts,190.0,0.0,0.05,2021-11-26
puts,195.0,0.0,0.05,2021-11-26
puts,200.0,0.0,0.01,2021-11-26
puts,205.0,0.0,0.09,2021-11-26
puts,210.0,0.0,0.01,2021-11-26
puts,215.0,0.0,0.05,2021-11-26
puts,220.0,0.0,0.52,2021-11-26
puts,225.0,0.0,0.05,2021-11-26
puts,230.0,0.0,0.01,2021-11-26
puts,235.0,0.0,0.01,2021-11-26
puts,240.0,0.0,0.01,2021-11-26
puts,245.0,0.0,0.01,2021-11-26
puts,250.0,0.0,0.01,2021-11-26
puts,255.0,0.0,0.01,2021-11-26
puts,260.0,0.0,0.01,2021-11-26
puts,265.0,0.0,0.01,2021-11-26
puts,270.0,0.0,0.01,2021-11-26
puts,275.0,0.0,0.02,2021-11-26
puts,280.0,0.0,0.01,2021-11-26
puts,285.0,0.0,0.03,2021-11-26
puts,290.0,0.01,0.03,2021-11-26
puts,295.0,0.01,0.03,2021-11-26
puts,300.0,0.03,0.04,2021-11-26
puts,305.0,0.04,0.05,2021-11-26
puts,310.0,0.06,0.08,2021-11-26
puts,312.5,0.08,0.09,2021-11-26
puts,315.0,0.1,0.11,2021-11-26
puts,317.5,0.12,0.13,2021-11-26
puts,320.0,0.15,0.16,2021-11-26
puts,322.5,0.18,0.2,2021-11-26
puts,325.0,0.22,0.24,2021-11-26
puts,327.5,0.28,0.3,2021-11-26
puts,330.0,0.39,0.4,2021-11-26
puts,332.5,0.54,0.56,2021-11-26
puts,335.0,0.76,0.82,2021-11-26
puts,337.5,1.2,1.25,2021-11-26
puts,340.0,1.88,1.97,2021-11-26
puts,342.5,2.94,2.98,2021-11-26
puts,345.0,4.45,4.55,2021-11-26
puts,347.5,6.15,6.3,2021-11-26
puts,350.0,8.05,9.45,2021-11-26
puts,355.0,12.85,13.15,2021-11-26
puts,360.0,17.5,18.45,2021-11-26
puts,365.0,22.45,23.3,2021-11-26
puts,370.0,27.05,28.05,2021-11-26
puts,375.0,32.3,33.1,2021-11-26
puts,380.0,37.45,38.3,2021-11-26
puts,385.0,42.15,43.65,2021-11-26
puts,390.0,47.25,48.35,2021-11-26
puts,395.0,52.55,53.0,2021-11-26
puts,400.0,57.2,58.15,2021-11-26
puts,405.0,62.3,63.05,2021-11-26
puts,410.0,67.1,68.15,2021-11-26
puts,415.0,72.25,73.55,2021-11-26
puts,420.0,77.65,78.2,2021-11-26
puts,430.0,87.3,87.9,2021-11-26
puts,435.0,92.0,93.2,2021-11-26
puts,445.0,102.6,103.55,2021-11-26
puts,450.0,107.25,108.1,2021-11-26
puts,455.0,112.35,113.3,2021-11-26
puts,460.0,117.15,118.15,2021-11-26
puts,465.0,122.6,122.9,2021-11-26
puts,470.0,127.45,127.7,2021-11-26
puts,475.0,132.6,132.75,2021-11-26
call,225.0,116.55,118.1,2021-12-03
call,230.0,111.95,112.65,2021-12-03
call,235.0,106.6,108.15,2021-12-03
call,240.0,101.6,103.1,2021-12-03
call,245.0,96.65,97.55,2021-12-03
call,250.0,92.0,93.05,2021-12-03
call,255.0,86.9,87.75,2021-12-03
call,260.0,82.0,82.5,2021-12-03
call,265.0,75.5,78.55,2021-12-03
call,270.0,70.55,73.55,2021-12-03
call,275.0,65.5,68.75,2021-12-03
call,280.0,60.55,62.6,2021-12-03
call,285.0,56.15,58.15,2021-12-03
call,290.0,52.0,52.7,2021-12-03
call,295.0,47.2,47.75,2021-12-03
call,300.0,42.2,42.9,2021-12-03
call,305.0,37.05,38.35,2021-12-03
call,310.0,32.4,33.15,2021-12-03
call,312.5,30.1,30.75,2021-12-03
call,315.0,27.6,28.0,2021-12-03
call,317.5,25.2,25.65,2021-12-03
call,320.0,22.8,23.25,2021-12-03
call,322.5,20.4,20.75,2021-12-03
call,325.0,18.05,18.35,2021-12-03
call,327.5,15.85,16.2,2021-12-03
call,330.0,13.55,14.0,2021-12-03
call,332.5,11.55,11.85,2021-12-03
call,335.0,9.4,9.55,2021-12-03
call,337.5,7.7,7.9,2021-12-03
call,340.0,6.05,6.2,2021-12-03
call,342.5,4.55,4.7,2021-12-03
call,345.0,3.4,3.55,2021-12-03
call,347.5,2.51,2.59,2021-12-03
call,350.0,1.81,1.91,2021-12-03
call,355.0,0.97,1.05,2021-12-03
call,360.0,0.55,0.59,2021-12-03
call,365.0,0.32,0.34,2021-12-03
call,370.0,0.21,0.23,2021-12-03
call,375.0,0.15,0.16,2021-12-03
call,380.0,0.11,0.12,2021-12-03
call,385.0,0.08,0.1,2021-12-03
call,390.0,0.06,0.07,2021-12-03
call,395.0,0.05,0.06,2021-12-03
call,400.0,0.04,0.05,2021-12-03
call,405.0,0.03,0.04,2021-12-03
call,410.0,0.02,0.03,2021-12-03
call,415.0,0.02,0.03,2021-12-03
call,420.0,0.01,0.03,2021-12-03
call,425.0,0.0,0.03,2021-12-03
call,430.0,0.0,0.03,2021-12-03
call,435.0,0.0,0.03,2021-12-03
call,440.0,0.0,0.03,2021-12-03
call,445.0,0.0,0.03,2021-12-03
call,450.0,0.0,0.03,2021-12-03
call,455.0,0.0,0.03,2021-12-03
call,460.0,0.0,0.03,2021-12-03
call,475.0,0.0,0.02,2021-12-03
puts,225.0,0.0,0.01,2021-12-03
puts,230.0,0.0,0.06,2021-12-03
puts,235.0,0.0,0.01,2021-12-03
puts,240.0,0.0,0.04,2021-12-03
puts,245.0,0.0,0.03,2021-12-03
puts,250.0,0.0,0.01,2021-12-03
puts,255.0,0.0,0.02,2021-12-03
puts,260.0,0.0,0.03,2021-12-03
puts,265.0,0.01,0.03,2021-12-03
puts,270.0,0.02,0.03,2021-12-03
puts,275.0,0.03,0.04,2021-12-03
puts,280.0,0.05,0.06,2021-12-03
puts,285.0,0.07,0.08,2021-12-03
puts,290.0,0.09,0.11,2021-12-03
puts,295.0,0.13,0.14,2021-12-03
puts,300.0,0.18,0.2,2021-12-03
puts,305.0,0.24,0.26,2021-12-03
puts,310.0,0.32,0.34,2021-12-03
puts,312.5,0.37,0.4,2021-12-03
puts,315.0,0.44,0.47,2021-12-03
puts,317.5,0.51,0.55,2021-12-03
puts,320.0,0.61,0.65,2021-12-03
puts,322.5,0.71,0.78,2021-12-03
puts,325.0,0.86,0.93,2021-12-03
puts,327.5,1.07,1.13,2021-12-03
puts,330.0,1.34,1.41,2021-12-03
puts,332.5,1.73,1.78,2021-12-03
puts,335.0,2.17,2.29,2021-12-03
puts,337.5,2.78,2.93,2021-12-03
puts,340.0,3.7,3.85,2021-12-03
puts,342.5,4.75,4.95,2021-12-03
puts,345.0,6.15,6.3,2021-12-03
puts,347.5,7.65,7.75,2021-12-03
puts,350.0,9.6,9.75,2021-12-03
puts,355.0,13.4,14.0,2021-12-03
puts,360.0,17.95,18.4,2021-12-03
puts,365.0,22.7,23.1,2021-12-03
puts,370.0,27.65,28.1,2021-12-03
puts,375.0,32.55,33.05,2021-12-03
puts,380.0,37.4,38.15,2021-12-03
puts,385.0,42.5,43.3,2021-12-03
puts,390.0,47.5,48.05,2021-12-03
puts,410.0,67.1,68.55,2021-12-03
puts,435.0,92.0,94.7,2021-12-03
puts,450.0,106.95,108.75,2021-12-03
puts,465.0,121.95,123.95,2021-12-03
puts,475.0,132.2,133.85,2021-12-03
call,250.0,91.15,93.3,2021-12-10
call,255.0,86.5,88.15,2021-12-10
call,260.0,81.45,83.4,2021-12-10
call,265.0,76.5,78.4,2021-12-10
call,270.0,70.55,74.2,2021-12-10
call,275.0,65.7,67.75,2021-12-10
call,280.0,62.0,62.65,2021-12-10
call,285.0,56.65,58.3,2021-12-10
call,290.0,52.4,52.9,2021-12-10
call,295.0,46.4,49.45,2021-12-10
call,300.0,42.5,43.75,2021-12-10
call,305.0,37.65,38.6,2021-12-10
call,310.0,32.75,34.05,2021-12-10
call,315.0,27.35,28.5,2021-12-10
call,320.0,23.2,23.95,2021-12-10
call,325.0,18.7,19.2,2021-12-10
call,330.0,14.5,14.95,2021-12-10
call,335.0,10.75,10.95,2021-12-10
call,340.0,7.35,7.55,2021-12-10
call,345.0,4.75,4.85,2021-12-10
call,350.0,2.92,3.05,2021-12-10
call,355.0,1.76,1.85,2021-12-10
call,360.0,1.08,1.16,2021-12-10
call,365.0,0.68,0.75,2021-12-10
call,370.0,0.45,0.51,2021-12-10
call,375.0,0.33,0.37,2021-12-10
call,380.0,0.27,0.3,2021-12-10
call,385.0,0.22,0.24,2021-12-10
call,390.0,0.18,0.2,2021-12-10
call,395.0,0.15,0.16,2021-12-10
call,400.0,0.12,0.13,2021-12-10
call,405.0,0.1,0.11,2021-12-10
call,410.0,0.08,0.09,2021-12-10
call,415.0,0.07,0.08,2021-12-10
call,420.0,0.05,0.07,2021-12-10
call,425.0,0.04,0.06,2021-12-10
call,430.0,0.03,0.04,2021-12-10
call,440.0,0.02,0.03,2021-12-10
call,450.0,0.0,0.03,2021-12-10
call,460.0,0.0,0.05,2021-12-10
call,470.0,0.0,0.03,2021-12-10
puts,230.0,0.0,0.05,2021-12-10
puts,235.0,0.02,0.07,2021-12-10
puts,240.0,0.02,0.03,2021-12-10
puts,245.0,0.03,0.05,2021-12-10
puts,250.0,0.04,0.05,2021-12-10
puts,255.0,0.05,0.06,2021-12-10
puts,260.0,0.07,0.08,2021-12-10
puts,265.0,0.09,0.1,2021-12-10
puts,270.0,0.11,0.12,2021-12-10
puts,275.0,0.14,0.15,2021-12-10
puts,280.0,0.17,0.19,2021-12-10
puts,285.0,0.22,0.24,2021-12-10
puts,290.0,0.26,0.28,2021-12-10
puts,295.0,0.32,0.36,2021-12-10
puts,300.0,0.4,0.44,2021-12-10
puts,305.0,0.5,0.56,2021-12-10
puts,310.0,0.64,0.7,2021-12-10
puts,315.0,0.83,0.91,2021-12-10
puts,320.0,1.14,1.21,2021-12-10
puts,325.0,1.6,1.69,2021-12-10
puts,330.0,2.31,2.37,2021-12-10
puts,335.0,3.4,3.55,2021-12-10
puts,340.0,4.95,5.15,2021-12-10
puts,345.0,7.5,7.65,2021-12-10
puts,350.0,10.65,10.75,2021-12-10
puts,355.0,14.2,14.65,2021-12-10
puts,360.0,18.55,19.5,2021-12-10
puts,370.0,27.9,28.9,2021-12-10
call,145.0,196.55,198.05,2021-12-17
call,150.0,191.45,193.25,2021-12-17
call,155.0,185.95,189.25,2021-12-17
call,160.0,180.95,184.3,2021-12-17
call,165.0,176.5,178.25,2021-12-17
call,170.0,171.7,173.15,2021-12-17
call,175.0,166.45,168.25,2021-12-17
call,180.0,161.6,163.3,2021-12-17
call,185.0,156.75,158.1,2021-12-17
call,190.0,151.7,153.3,2021-12-17
call,195.0,146.55,149.0,2021-12-17
call,200.0,141.15,143.25,2021-12-17
call,205.0,136.45,138.2,2021-12-17
call,210.0,131.45,133.3,2021-12-17
call,215.0,125.45,129.05,2021-12-17
call,220.0,120.4,124.15,2021-12-17
call,225.0,115.45,119.0,2021-12-17
call,230.0,111.2,113.35,2021-12-17
call,235.0,106.5,108.35,2021-12-17
call,240.0,101.55,103.25,2021-12-17
call,245.0,95.5,99.4,2021-12-17
call,250.0,91.55,93.35,2021-12-17
call,255.0,86.3,88.4,2021-12-17
call,260.0,81.65,83.0,2021-12-17
call,265.0,76.9,78.35,2021-12-17
call,270.0,72.05,74.25,2021-12-17
call,275.0,66.0,69.6,2021-12-17
call,280.0,62.1,64.45,2021-12-17
call,285.0,56.9,58.55,2021-12-17
call,290.0,52.7,53.5,2021-12-17
call,295.0,47.7,48.2,2021-12-17
call,300.0,42.85,43.45,2021-12-17
call,305.0,38.1,38.4,2021-12-17
call,310.0,33.35,33.9,2021-12-17
call,315.0,28.7,29.1,2021-12-17
call,320.0,24.05,24.4,2021-12-17
call,325.0,19.75,20.05,2021-12-17
call,330.0,15.6,16.0,2021-12-17
call,335.0,12.0,12.25,2021-12-17
call,340.0,8.65,8.8,2021-12-17
call,345.0,6.1,6.25,2021-12-17
call,350.0,4.05,4.15,2021-12-17
call,355.0,2.65,2.76,2021-12-17
call,360.0,1.72,1.79,2021-12-17
call,365.0,1.15,1.21,2021-12-17
call,370.0,0.78,0.83,2021-12-17
call,375.0,0.54,0.6,2021-12-17
call,380.0,0.39,0.45,2021-12-17
call,385.0,0.31,0.36,2021-12-17
call,390.0,0.26,0.28,2021-12-17
call,395.0,0.21,0.23,2021-12-17
call,400.0,0.18,0.19,2021-12-17
call,405.0,0.15,0.16,2021-12-17
call,410.0,0.13,0.14,2021-12-17
call,415.0,0.11,0.12,2021-12-17
call,420.0,0.09,0.1,2021-12-17
call,425.0,0.08,0.09,2021-12-17
call,430.0,0.07,0.08,2021-12-17
call,435.0,0.06,0.07,2021-12-17
call,440.0,0.05,0.06,2021-12-17
call,445.0,0.04,0.05,2021-12-17
call,450.0,0.03,0.04,2021-12-17
call,455.0,0.03,0.04,2021-12-17
call,460.0,0.02,0.03,2021-12-17
call,465.0,0.02,0.03,2021-12-17
call,470.0,0.02,0.03,2021-12-17
call,475.0,0.01,0.03,2021-12-17
puts,145.0,0.0,0.02,2021-12-17
puts,150.0,0.0,0.01,2021-12-17
puts,155.0,0.0,0.06,2021-12-17
puts,160.0,0.0,0.07,2021-12-17
puts,165.0,0.0,0.07,2021-12-17
puts,170.0,0.0,0.03,2021-12-17
puts,175.0,0.0,0.03,2021-12-17
puts,180.0,0.0,0.03,2021-12-17
puts,185.0,0.0,0.03,2021-12-17
puts,190.0,0.0,0.03,2021-12-17
puts,195.0,0.01,0.04,2021-12-17
puts,200.0,0.02,0.03,2021-12-17
puts,205.0,0.02,0.03,2021-12-17
puts,210.0,0.02,0.04,2021-12-17
puts,215.0,0.03,0.04,2021-12-17
puts,220.0,0.04,0.05,2021-12-17
puts,225.0,0.04,0.05,2021-12-17
puts,230.0,0.06,0.07,2021-12-17
puts,235.0,0.07,0.08,2021-12-17
puts,240.0,0.08,0.09,2021-12-17
puts,245.0,0.1,0.11,2021-12-17
puts,250.0,0.12,0.13,2021-12-17
puts,255.0,0.14,0.15,2021-12-17
puts,260.0,0.17,0.18,2021-12-17
puts,265.0,0.2,0.22,2021-12-17
puts,270.0,0.24,0.25,2021-12-17
puts,275.0,0.28,0.29,2021-12-17
puts,280.0,0.33,0.35,2021-12-17
puts,285.0,0.39,0.43,2021-12-17
puts,290.0,0.47,0.51,2021-12-17
puts,295.0,0.56,0.6,2021-12-17
puts,300.0,0.7,0.76,2021-12-17
puts,305.0,0.85,0.91,2021-12-17
puts,310.0,1.07,1.15,2021-12-17
puts,315.0,1.39,1.44,2021-12-17
puts,320.0,1.79,1.88,2021-12-17
puts,325.0,2.42,2.52,2021-12-17
puts,330.0,3.25,3.4,2021-12-17
puts,335.0,4.6,4.7,2021-12-17
puts,340.0,6.4,6.45,2021-12-17
puts,345.0,8.75,8.9,2021-12-17
puts,350.0,11.75,11.85,2021-12-17
puts,355.0,15.25,15.4,2021-12-17
puts,360.0,19.05,19.5,2021-12-17
puts,365.0,23.5,24.05,2021-12-17
puts,370.0,28.15,29.0,2021-12-17
puts,375.0,32.9,34.05,2021-12-17
puts,380.0,37.75,38.9,2021-12-17
puts,385.0,42.25,43.25,2021-12-17
puts,390.0,47.65,48.6,2021-12-17
puts,395.0,52.7,53.5,2021-12-17
puts,400.0,57.6,58.1,2021-12-17
puts,405.0,62.5,64.0,2021-12-17
puts,410.0,67.5,68.0,2021-12-17
puts,415.0,72.6,73.45,2021-12-17
puts,420.0,77.1,79.55,2021-12-17
puts,430.0,87.3,89.6,2021-12-17
puts,445.0,102.35,103.95,2021-12-17
puts,465.0,122.55,124.5,2021-12-17
puts,470.0,127.25,129.6,2021-12-17
call,210.0,130.4,134.15,2021-12-23
call,220.0,120.45,124.45,2021-12-23
call,250.0,91.65,93.4,2021-12-23
call,275.0,65.9,68.75,2021-12-23
call,280.0,61.0,64.8,2021-12-23
call,290.0,52.35,55.15,2021-12-23
call,295.0,47.5,50.2,2021-12-23
call,300.0,43.1,45.4,2021-12-23
call,305.0,38.45,40.55,2021-12-23
call,310.0,33.0,34.6,2021-12-23
call,315.0,29.1,30.25,2021-12-23
call,320.0,23.95,26.05,2021-12-23
call,325.0,19.95,21.25,2021-12-23
call,330.0,16.5,16.8,2021-12-23
call,335.0,12.9,13.05,2021-12-23
call,340.0,9.65,10.05,2021-12-23
call,345.0,6.95,7.2,2021-12-23
call,350.0,4.95,5.15,2021-12-23
call,355.0,3.4,3.6,2021-12-23
call,360.0,2.34,2.46,2021-12-23
call,365.0,1.6,1.7,2021-12-23
call,370.0,1.11,1.21,2021-12-23
call,375.0,0.79,0.88,2021-12-23
call,380.0,0.59,0.66,2021-12-23
call,385.0,0.45,0.52,2021-12-23
call,390.0,0.36,0.42,2021-12-23
call,395.0,0.29,0.36,2021-12-23
call,400.0,0.26,0.31,2021-12-23
call,405.0,0.21,0.27,2021-12-23
call,410.0,0.18,0.23,2021-12-23
call,415.0,0.16,0.21,2021-12-23
call,420.0,0.15,0.18,2021-12-23
call,425.0,0.09,0.17,2021-12-23
call,430.0,0.07,0.15,2021-12-23
call,440.0,0.04,0.13,2021-12-23
call,450.0,0.03,0.11,2021-12-23
call,470.0,0.05,0.09,2021-12-23
puts,210.0,0.01,0.09,2021-12-23
puts,240.0,0.1,0.18,2021-12-23
puts,245.0,0.12,0.2,2021-12-23
puts,250.0,0.15,0.23,2021-12-23
puts,255.0,0.19,0.27,2021-12-23
puts,260.0,0.22,0.3,2021-12-23
puts,265.0,0.26,0.34,2021-12-23
puts,275.0,0.37,0.45,2021-12-23
puts,280.0,0.44,0.53,2021-12-23
puts,285.0,0.53,0.58,2021-12-23
puts,290.0,0.63,0.71,2021-12-23
puts,295.0,0.75,0.84,2021-12-23
puts,300.0,0.92,1.01,2021-12-23
puts,305.0,1.14,1.23,2021-12-23
puts,310.0,1.42,1.52,2021-12-23
puts,315.0,1.79,1.91,2021-12-23
puts,320.0,2.33,2.45,2021-12-23
puts,325.0,3.05,3.2,2021-12-23
puts,330.0,4.0,4.2,2021-12-23
puts,335.0,5.4,5.6,2021-12-23
puts,340.0,7.15,7.4,2021-12-23
puts,345.0,9.6,9.9,2021-12-23
puts,350.0,12.6,12.75,2021-12-23
puts,355.0,16.0,16.35,2021-12-23
puts,360.0,19.45,21.9,2021-12-23
puts,365.0,23.95,25.25,2021-12-23
puts,370.0,28.45,30.7,2021-12-23
call,235.0,105.65,109.55,2021-12-31
call,240.0,101.05,104.7,2021-12-31
call,250.0,90.8,94.35,2021-12-31
call,260.0,80.85,84.85,2021-12-31
call,265.0,76.3,79.6,2021-12-31
call,270.0,71.3,74.6,2021-12-31
call,275.0,66.1,70.15,2021-12-31
call,280.0,62.2,65.05,2021-12-31
call,300.0,43.3,45.8,2021-12-31
call,305.0,38.55,41.1,2021-12-31
call,310.0,34.3,36.4,2021-12-31
call,315.0,29.75,32.0,2021-12-31
call,320.0,24.45,26.8,2021-12-31
call,325.0,21.25,21.7,2021-12-31
call,330.0,17.15,19.15,2021-12-31
call,335.0,13.75,14.75,2021-12-31
call,340.0,10.55,12.0,2021-12-31
call,345.0,8.0,9.5,2021-12-31
call,350.0,5.9,6.2,2021-12-31
call,355.0,4.25,4.65,2021-12-31
call,360.0,3.0,3.45,2021-12-31
call,365.0,2.16,2.45,2021-12-31
call,370.0,1.55,1.78,2021-12-31
call,375.0,1.11,1.3,2021-12-31
call,380.0,0.62,1.0,2021-12-31
call,385.0,0.4,0.78,2021-12-31
call,390.0,0.47,0.63,2021-12-31
call,395.0,0.37,0.53,2021-12-31
call,400.0,0.35,0.46,2021-12-31
call,405.0,0.22,0.36,2021-12-31
call,410.0,0.21,0.45,2021-12-31
call,415.0,0.03,0.46,2021-12-31
call,420.0,0.1,0.28,2021-12-31
call,425.0,0.12,0.27,2021-12-31
call,460.0,0.0,0.28,2021-12-31
call,470.0,0.0,0.12,2021-12-31
puts,245.0,0.03,0.43,2021-12-31
puts,250.0,0.07,0.41,2021-12-31
puts,255.0,0.09,0.44,2021-12-31
puts,260.0,0.08,0.62,2021-12-31
puts,265.0,0.15,0.68,2021-12-31
puts,270.0,0.2,0.64,2021-12-31
puts,275.0,0.33,0.82,2021-12-31
puts,280.0,0.47,0.84,2021-12-31
puts,285.0,0.57,1.04,2021-12-31
puts,290.0,0.76,1.22,2021-12-31
puts,295.0,0.95,1.3,2021-12-31
puts,300.0,1.17,1.45,2021-12-31
puts,305.0,1.31,1.7,2021-12-31
puts,310.0,1.55,2.0,2021-12-31
puts,315.0,2.37,2.52,2021-12-31
puts,320.0,2.99,3.15,2021-12-31
puts,325.0,3.8,4.05,2021-12-31
puts,330.0,4.85,5.2,2021-12-31
puts,335.0,6.3,6.7,2021-12-31
puts,340.0,7.95,9.25,2021-12-31
puts,345.0,10.45,11.9,2021-12-31
puts,350.0,12.95,13.95,2021-12-31
puts,355.0,16.35,18.9,2021-12-31
puts,360.0,19.6,22.65,2021-12-31
puts,365.0,23.55,26.8,2021-12-31
call,70.0,271.8,273.1,2022-01-21
call,75.0,266.8,268.3,2022-01-21
call,80.0,261.8,263.1,2022-01-21
call,85.0,256.75,258.3,2022-01-21
call,90.0,251.4,254.05,2022-01-21
call,95.0,246.6,248.4,2022-01-21
call,100.0,240.5,243.5,2022-01-21
call,105.0,236.75,238.25,2022-01-21
call,110.0,231.45,233.35,2022-01-21
call,115.0,225.5,229.25,2022-01-21
call,120.0,221.8,223.3,2022-01-21
call,125.0,216.8,218.2,2022-01-21
call,130.0,211.8,213.3,2022-01-21
call,135.0,206.45,208.4,2022-01-21
call,140.0,201.5,203.1,2022-01-21
call,145.0,195.6,199.3,2022-01-21
call,150.0,191.5,193.4,2022-01-21
call,155.0,186.8,188.35,2022-01-21
call,160.0,181.85,183.25,2022-01-21
call,165.0,176.85,178.35,2022-01-21
call,170.0,170.7,174.15,2022-01-21
call,175.0,166.55,168.45,2022-01-21
call,180.0,161.55,163.5,2022-01-21
call,185.0,156.9,158.5,2022-01-21
call,190.0,151.95,153.55,2022-01-21
call,195.0,146.95,148.6,2022-01-21
call,200.0,140.85,144.65,2022-01-21
call,205.0,135.8,139.65,2022-01-21
call,210.0,132.2,133.45,2022-01-21
call,215.0,127.15,129.6,2022-01-21
call,220.0,122.25,123.75,2022-01-21
call,225.0,117.3,118.3,2022-01-21
call,230.0,112.35,113.4,2022-01-21
call,235.0,107.45,108.4,2022-01-21
call,240.0,102.55,103.75,2022-01-21
call,245.0,97.55,98.8,2022-01-21
call,250.0,91.55,93.4,2022-01-21
call,255.0,87.7,88.75,2022-01-21
call,260.0,82.75,83.6,2022-01-21
call,265.0,77.85,78.85,2022-01-21
call,270.0,73.35,73.9,2022-01-21
call,275.0,68.5,69.1,2022-01-21
call,280.0,63.7,64.5,2022-01-21
call,285.0,58.85,59.65,2022-01-21
call,290.0,53.6,54.75,2022-01-21
call,295.0,49.45,50.05,2022-01-21
call,300.0,44.8,45.25,2022-01-21
call,305.0,40.15,40.8,2022-01-21
call,310.0,35.65,36.25,2022-01-21
call,315.0,31.65,32.05,2022-01-21
call,320.0,27.1,27.95,2022-01-21
call,325.0,23.7,24.0,2022-01-21
call,330.0,20.1,20.3,2022-01-21
call,335.0,16.65,17.0,2022-01-21
call,340.0,13.7,14.0,2022-01-21
call,345.0,11.05,11.3,2022-01-21
call,350.0,8.75,8.95,2022-01-21
call,355.0,6.85,7.1,2022-01-21
call,360.0,5.3,5.45,2022-01-21
call,365.0,4.1,4.25,2022-01-21
call,370.0,3.1,3.25,2022-01-21
call,375.0,2.4,2.5,2022-01-21
call,380.0,1.87,1.97,2022-01-21
call,385.0,1.46,1.55,2022-01-21
call,390.0,1.15,1.26,2022-01-21
call,395.0,0.91,1.03,2022-01-21
call,400.0,0.79,0.81,2022-01-21
call,405.0,0.63,0.73,2022-01-21
call,410.0,0.52,0.62,2022-01-21
call,415.0,0.44,0.55,2022-01-21
call,420.0,0.42,0.49,2022-01-21
call,425.0,0.33,0.44,2022-01-21
call,430.0,0.29,0.4,2022-01-21
call,435.0,0.31,0.36,2022-01-21
call,440.0,0.29,0.32,2022-01-21
call,445.0,0.27,0.3,2022-01-21
call,450.0,0.25,0.27,2022-01-21
call,455.0,0.23,0.25,2022-01-21
call,460.0,0.21,0.23,2022-01-21
call,465.0,0.19,0.21,2022-01-21
call,470.0,0.17,0.2,2022-01-21
call,475.0,0.16,0.17,2022-01-21
call,480.0,0.15,0.16,2022-01-21
call,485.0,0.13,0.14,2022-01-21
puts,70.0,0.0,0.02,2022-01-21
puts,75.0,0.0,0.08,2022-01-21
puts,80.0,0.0,0.02,2022-01-21
puts,85.0,0.0,0.07,2022-01-21
puts,90.0,0.0,0.02,2022-01-21
puts,95.0,0.0,0.07,2022-01-21
puts,100.0,0.01,0.02,2022-01-21
puts,105.0,0.0,0.06,2022-01-21
puts,110.0,0.0,0.03,2022-01-21
puts,115.0,0.0,0.07,2022-01-21
puts,120.0,0.0,0.03,2022-01-21
puts,125.0,0.0,0.07,2022-01-21
puts,130.0,0.0,0.03,2022-01-21
puts,135.0,0.0,0.03,2022-01-21
puts,140.0,0.01,0.03,2022-01-21
puts,145.0,0.02,0.05,2022-01-21
puts,150.0,0.02,0.04,2022-01-21
puts,155.0,0.03,0.04,2022-01-21
puts,160.0,0.03,0.05,2022-01-21
puts,165.0,0.04,0.08,2022-01-21
puts,170.0,0.05,0.07,2022-01-21
puts,175.0,0.05,0.11,2022-01-21
puts,180.0,0.07,0.09,2022-01-21
puts,185.0,0.07,0.11,2022-01-21
puts,190.0,0.1,0.15,2022-01-21
puts,195.0,0.11,0.15,2022-01-21
puts,200.0,0.12,0.2,2022-01-21
puts,205.0,0.15,0.24,2022-01-21
puts,210.0,0.17,0.27,2022-01-21
puts,215.0,0.2,0.3,2022-01-21
puts,220.0,0.23,0.32,2022-01-21
puts,225.0,0.27,0.37,2022-01-21
puts,230.0,0.31,0.41,2022-01-21
puts,235.0,0.35,0.46,2022-01-21
puts,240.0,0.4,0.45,2022-01-21
puts,245.0,0.46,0.56,2022-01-21
puts,250.0,0.53,0.62,2022-01-21
puts,255.0,0.6,0.7,2022-01-21
puts,260.0,0.68,0.73,2022-01-21
puts,265.0,0.78,0.85,2022-01-21
puts,270.0,0.88,0.98,2022-01-21
puts,275.0,1.02,1.12,2022-01-21
puts,280.0,1.17,1.24,2022-01-21
puts,285.0,1.36,1.48,2022-01-21
puts,290.0,1.61,1.7,2022-01-21
puts,295.0,1.89,2.01,2022-01-21
puts,300.0,2.28,2.37,2022-01-21
puts,305.0,2.8,2.83,2022-01-21
puts,310.0,3.25,3.45,2022-01-21
puts,315.0,3.95,4.1,2022-01-21
puts,320.0,4.85,5.05,2022-01-21
puts,325.0,5.95,6.15,2022-01-21
puts,330.0,7.35,7.5,2022-01-21
puts,335.0,9.0,9.2,2022-01-21
puts,340.0,10.95,11.25,2022-01-21
puts,345.0,13.25,13.45,2022-01-21
puts,350.0,16.0,16.3,2022-01-21
puts,355.0,19.1,19.25,2022-01-21
puts,360.0,22.5,22.75,2022-01-21
puts,365.0,26.35,26.6,2022-01-21
puts,370.0,30.2,30.75,2022-01-21
puts,375.0,34.55,35.0,2022-01-21
puts,380.0,38.45,40.1,2022-01-21
puts,385.0,43.35,44.95,2022-01-21
puts,390.0,48.1,48.85,2022-01-21
puts,395.0,95.75,96.65,2022-01-21
puts,400.0,57.2,59.85,2022-01-21
puts,405.0,62.45,63.85,2022-01-21
puts,410.0,67.25,69.15,2022-01-21
puts,415.0,72.3,73.75,2022-01-21
puts,420.0,77.6,78.7,2022-01-21
puts,425.0,82.5,83.65,2022-01-21
puts,430.0,145.15,149.5,2022-01-21
puts,435.0,144.3,149.0,2022-01-21
puts,440.0,149.4,154.0,2022-01-21
puts,450.0,107.35,108.45,2022-01-21
call,145.0,190.3,191.75,2022-02-18
call,150.0,191.3,195.4,2022-02-18
call,155.0,180.1,181.95,2022-02-18
call,160.0,182.1,183.45,2022-02-18
call,165.0,171.1,172.45,2022-02-18
call,170.0,172.1,173.35,2022-02-18
call,175.0,161.1,162.45,2022-02-18
call,180.0,162.0,163.4,2022-02-18
call,185.0,156.95,158.65,2022-02-18
call,195.0,146.85,149.6,2022-02-18
call,200.0,142.55,143.35,2022-02-18
call,205.0,137.6,138.65,2022-02-18
call,210.0,132.65,134.05,2022-02-18
call,215.0,127.55,129.25,2022-02-18
call,220.0,122.85,123.7,2022-02-18
call,225.0,117.85,118.8,2022-02-18
call,230.0,112.95,114.2,2022-02-18
call,235.0,108.05,109.2,2022-02-18
call,240.0,103.15,104.0,2022-02-18
call,245.0,98.2,99.65,2022-02-18
call,250.0,93.3,94.6,2022-02-18
call,255.0,88.5,89.9,2022-02-18
call,260.0,83.6,84.7,2022-02-18
call,265.0,78.95,79.9,2022-02-18
call,270.0,73.85,75.55,2022-02-18
call,275.0,69.15,70.15,2022-02-18
call,280.0,64.65,65.65,2022-02-18
call,285.0,59.75,60.95,2022-02-18
call,290.0,55.85,56.45,2022-02-18
call,295.0,50.9,52.05,2022-02-18
call,300.0,46.95,47.6,2022-02-18
call,305.0,42.75,43.25,2022-02-18
call,310.0,38.6,39.45,2022-02-18
call,315.0,34.1,35.1,2022-02-18
call,320.0,30.55,31.05,2022-02-18
call,325.0,27.15,27.5,2022-02-18
call,330.0,23.85,24.1,2022-02-18
call,335.0,20.7,21.0,2022-02-18
call,340.0,17.8,18.05,2022-02-18
call,345.0,15.1,15.45,2022-02-18
call,350.0,12.75,13.05,2022-02-18
call,355.0,10.75,11.05,2022-02-18
call,360.0,9.0,9.2,2022-02-18
call,365.0,7.45,7.7,2022-02-18
call,370.0,6.15,6.45,2022-02-18
call,375.0,5.1,5.35,2022-02-18
call,380.0,4.2,4.4,2022-02-18
call,385.0,3.45,3.65,2022-02-18
call,390.0,2.83,3.05,2022-02-18
call,395.0,2.4,2.5,2022-02-18
call,400.0,2.0,2.11,2022-02-18
call,405.0,1.67,1.79,2022-02-18
call,410.0,1.41,1.51,2022-02-18
call,415.0,1.2,1.3,2022-02-18
call,420.0,1.02,1.12,2022-02-18
call,425.0,0.88,0.98,2022-02-18
call,430.0,0.75,0.88,2022-02-18
call,435.0,0.66,0.78,2022-02-18
call,440.0,0.58,0.71,2022-02-18
call,450.0,0.45,0.59,2022-02-18
call,460.0,0.39,0.47,2022-02-18
call,470.0,0.34,0.39,2022-02-18
call,480.0,0.3,0.33,2022-02-18
call,490.0,0.27,0.28,2022-02-18
call,500.0,0.24,0.25,2022-02-18
puts,145.0,0.06,0.13,2022-02-18
puts,150.0,0.02,0.13,2022-02-18
puts,155.0,0.1,0.16,2022-02-18
puts,160.0,0.1,0.19,2022-02-18
puts,165.0,0.08,0.2,2022-02-18
puts,170.0,0.1,0.23,2022-02-18
puts,175.0,0.13,0.26,2022-02-18
puts,180.0,0.16,0.29,2022-02-18
puts,185.0,0.19,0.32,2022-02-18
puts,190.0,0.23,0.34,2022-02-18
puts,195.0,0.28,0.38,2022-02-18
puts,200.0,0.34,0.38,2022-02-18
puts,205.0,0.37,0.49,2022-02-18
puts,210.0,0.45,0.5,2022-02-18
puts,215.0,0.5,0.54,2022-02-18
puts,220.0,0.57,0.59,2022-02-18
puts,225.0,0.65,0.74,2022-02-18
puts,230.0,0.71,0.73,2022-02-18
puts,235.0,0.8,0.92,2022-02-18
puts,240.0,0.89,1.02,2022-02-18
puts,245.0,1.01,1.07,2022-02-18
puts,250.0,1.13,1.27,2022-02-18
puts,255.0,1.27,1.42,2022-02-18
puts,260.0,1.43,1.58,2022-02-18
puts,265.0,1.62,1.77,2022-02-18
puts,270.0,1.83,1.99,2022-02-18
puts,275.0,2.12,2.26,2022-02-18
puts,280.0,2.39,2.57,2022-02-18
puts,285.0,2.85,2.95,2022-02-18
puts,290.0,3.2,3.4,2022-02-18
puts,295.0,3.8,3.95,2022-02-18
puts,300.0,4.4,4.55,2022-02-18
puts,305.0,5.15,5.35,2022-02-18
puts,310.0,5.95,6.2,2022-02-18
puts,315.0,7.0,7.25,2022-02-18
puts,320.0,8.2,8.45,2022-02-18
puts,325.0,9.6,9.85,2022-02-18
puts,330.0,11.2,11.55,2022-02-18
puts,335.0,13.1,13.4,2022-02-18
puts,340.0,15.15,15.5,2022-02-18
puts,345.0,17.65,17.95,2022-02-18
puts,350.0,20.4,20.65,2022-02-18
puts,355.0,23.35,23.65,2022-02-18
puts,360.0,26.5,26.85,2022-02-18
puts,365.0,30.0,30.3,2022-02-18
puts,370.0,33.75,34.0,2022-02-18
puts,375.0,37.65,37.95,2022-02-18
puts,380.0,41.45,42.2,2022-02-18
puts,385.0,45.75,46.45,2022-02-18
puts,400.0,59.0,59.9,2022-02-18
puts,405.0,62.75,65.6,2022-02-18
puts,410.0,68.45,69.85,2022-02-18
call,80.0,261.85,263.05,2022-03-18
call,85.0,256.9,258.05,2022-03-18
call,90.0,251.55,253.25,2022-03-18
call,95.0,246.6,248.25,2022-03-18
call,100.0,241.65,243.25,2022-03-18
call,105.0,235.6,239.35,2022-03-18
call,110.0,231.8,233.1,2022-03-18
call,115.0,226.8,228.1,2022-03-18
call,120.0,221.65,223.3,2022-03-18
call,125.0,217.05,218.3,2022-03-18
call,130.0,212.05,213.2,2022-03-18
call,135.0,207.1,208.35,2022-03-18
call,140.0,201.75,203.4,2022-03-18
call,145.0,196.0,199.35,2022-03-18
call,150.0,190.75,194.35,2022-03-18
call,155.0,186.8,188.5,2022-03-18
call,160.0,182.25,183.3,2022-03-18
call,165.0,177.25,178.35,2022-03-18
call,170.0,171.6,174.55,2022-03-18
call,175.0,167.0,169.75,2022-03-18
call,180.0,162.45,163.65,2022-03-18
call,185.0,157.4,158.45,2022-03-18
call,190.0,152.5,153.6,2022-03-18
call,195.0,147.15,148.85,2022-03-18
call,200.0,142.55,143.7,2022-03-18
call,205.0,137.6,138.75,2022-03-18
call,210.0,132.8,133.85,2022-03-18
call,215.0,127.8,128.9,2022-03-18
call,220.0,122.8,124.0,2022-03-18
call,225.0,117.6,119.3,2022-03-18
call,230.0,112.95,114.2,2022-03-18
call,235.0,107.05,110.55,2022-03-18
call,240.0,103.3,104.65,2022-03-18
call,245.0,98.55,99.6,2022-03-18
call,250.0,93.8,95.55,2022-03-18
call,255.0,89.0,90.2,2022-03-18
call,260.0,84.25,85.65,2022-03-18
call,265.0,79.35,80.7,2022-03-18
call,270.0,75.0,75.75,2022-03-18
call,275.0,70.45,71.35,2022-03-18
call,280.0,65.45,66.55,2022-03-18
call,285.0,61.35,62.05,2022-03-18
call,290.0,56.75,57.5,2022-03-18
call,295.0,52.75,53.5,2022-03-18
call,300.0,48.4,49.0,2022-03-18
call,305.0,43.5,44.8,2022-03-18
call,310.0,39.8,40.95,2022-03-18
call,315.0,36.5,36.8,2022-03-18
call,320.0,32.9,33.25,2022-03-18
call,325.0,29.05,29.65,2022-03-18
call,330.0,25.9,26.35,2022-03-18
call,335.0,23.1,23.3,2022-03-18
call,340.0,20.05,20.5,2022-03-18
call,345.0,17.65,17.85,2022-03-18
call,350.0,15.25,15.55,2022-03-18
call,355.0,13.1,13.35,2022-03-18
call,360.0,11.25,11.55,2022-03-18
call,365.0,9.6,9.85,2022-03-18
call,370.0,8.1,8.3,2022-03-18
call,375.0,6.8,7.05,2022-03-18
call,380.0,5.9,6.0,2022-03-18
call,385.0,4.9,5.1,2022-03-18
call,390.0,4.15,4.35,2022-03-18
call,395.0,3.5,3.7,2022-03-18
call,400.0,3.0,3.1,2022-03-18
call,405.0,2.56,2.67,2022-03-18
call,410.0,2.14,2.29,2022-03-18
call,415.0,1.83,1.98,2022-03-18
call,420.0,1.62,1.72,2022-03-18
call,425.0,1.42,1.51,2022-03-18
call,430.0,1.22,1.33,2022-03-18
call,435.0,1.09,1.18,2022-03-18
call,440.0,0.92,1.04,2022-03-18
call,450.0,0.73,0.87,2022-03-18
call,460.0,0.63,0.74,2022-03-18
call,470.0,0.49,0.64,2022-03-18
call,480.0,0.45,0.52,2022-03-18
call,490.0,0.37,0.48,2022-03-18
call,500.0,0.32,0.4,2022-03-18
puts,80.0,0.0,0.07,2022-03-18
puts,85.0,0.0,0.18,2022-03-18
puts,90.0,0.0,0.09,2022-03-18
puts,95.0,0.0,0.09,2022-03-18
puts,100.0,0.0,0.09,2022-03-18
puts,105.0,0.02,0.1,2022-03-18
puts,110.0,0.02,0.11,2022-03-18
puts,115.0,0.03,0.12,2022-03-18
puts,120.0,0.05,0.13,2022-03-18
puts,125.0,0.02,0.14,2022-03-18
puts,130.0,0.1,0.16,2022-03-18
puts,135.0,0.1,0.18,2022-03-18
puts,140.0,0.08,0.21,2022-03-18
puts,145.0,0.1,0.22,2022-03-18
puts,150.0,0.1,0.24,2022-03-18
puts,155.0,0.18,0.27,2022-03-18
puts,160.0,0.15,0.3,2022-03-18
puts,165.0,0.17,0.33,2022-03-18
puts,170.0,0.21,0.37,2022-03-18
puts,175.0,0.25,0.42,2022-03-18
puts,180.0,0.3,0.45,2022-03-18
puts,185.0,0.37,0.5,2022-03-18
puts,190.0,0.41,0.57,2022-03-18
puts,195.0,0.47,0.63,2022-03-18
puts,200.0,0.53,0.7,2022-03-18
puts,205.0,0.61,0.77,2022-03-18
puts,210.0,0.68,0.85,2022-03-18
puts,215.0,0.77,0.93,2022-03-18
puts,220.0,0.86,1.03,2022-03-18
puts,225.0,0.96,1.03,2022-03-18
puts,230.0,1.08,1.15,2022-03-18
puts,235.0,1.19,1.28,2022-03-18
puts,240.0,1.34,1.41,2022-03-18
puts,245.0,1.49,1.64,2022-03-18
puts,250.0,1.67,1.75,2022-03-18
puts,255.0,1.87,2.04,2022-03-18
puts,260.0,2.08,2.26,2022-03-18
puts,265.0,2.4,2.54,2022-03-18
puts,270.0,2.67,2.86,2022-03-18
puts,275.0,3.0,3.25,2022-03-18
puts,280.0,3.45,3.65,2022-03-18
puts,285.0,3.9,4.15,2022-03-18
puts,290.0,4.5,4.75,2022-03-18
puts,295.0,5.2,5.4,2022-03-18
puts,300.0,5.95,6.2,2022-03-18
puts,305.0,6.85,7.1,2022-03-18
puts,310.0,7.8,8.1,2022-03-18
puts,315.0,9.0,9.25,2022-03-18
puts,320.0,10.35,10.6,2022-03-18
puts,325.0,11.85,12.2,2022-03-18
puts,330.0,13.5,13.85,2022-03-18
puts,335.0,15.4,15.85,2022-03-18
puts,340.0,17.6,18.05,2022-03-18
puts,345.0,20.05,20.4,2022-03-18
puts,350.0,22.7,23.0,2022-03-18
puts,355.0,25.55,25.9,2022-03-18
puts,360.0,28.7,29.0,2022-03-18
puts,365.0,32.0,32.35,2022-03-18
puts,370.0,35.5,35.95,2022-03-18
puts,375.0,39.2,39.65,2022-03-18
puts,380.0,43.25,43.8,2022-03-18
puts,385.0,47.25,48.15,2022-03-18
puts,390.0,51.35,52.05,2022-03-18
puts,395.0,55.8,56.65,2022-03-18
puts,400.0,60.3,60.75,2022-03-18
puts,405.0,96.1,97.9,2022-03-18
puts,410.0,79.85,82.4,2022-03-18
puts,415.0,73.85,75.4,2022-03-18
puts,420.0,130.0,134.0,2022-03-18
puts,425.0,135.0,139.0,2022-03-18
puts,435.0,135.75,136.65,2022-03-18
puts,450.0,153.9,157.9,2022-03-18
call,145.0,197.4,198.25,2022-04-14
call,150.0,192.45,193.9,2022-04-14
call,155.0,180.1,183.85,2022-04-14
call,160.0,182.25,183.5,2022-04-14
call,165.0,176.5,180.65,2022-04-14
call,170.0,166.3,167.4,2022-04-14
call,175.0,167.25,168.55,2022-04-14
call,180.0,162.45,163.6,2022-04-14
call,185.0,157.25,158.85,2022-04-14
call,190.0,152.0,153.65,2022-04-14
call,195.0,147.3,149.0,2022-04-14
call,200.0,142.4,144.1,2022-04-14
call,205.0,136.5,139.15,2022-04-14
call,210.0,133.0,134.05,2022-04-14
call,215.0,126.8,129.65,2022-04-14
call,220.0,123.25,124.3,2022-04-14
call,225.0,117.9,119.4,2022-04-14
call,230.0,113.45,114.75,2022-04-14
call,235.0,108.2,109.7,2022-04-14
call,240.0,103.4,105.1,2022-04-14
call,245.0,99.15,100.5,2022-04-14
call,250.0,94.4,95.7,2022-04-14
call,255.0,89.65,91.1,2022-04-14
call,260.0,85.0,86.45,2022-04-14
call,265.0,80.4,81.3,2022-04-14
call,270.0,75.35,76.7,2022-04-14
call,275.0,71.5,72.2,2022-04-14
call,280.0,66.1,68.15,2022-04-14
call,285.0,62.15,63.15,2022-04-14
call,290.0,58.15,58.95,2022-04-14
call,295.0,53.05,55.1,2022-04-14
call,300.0,49.85,50.5,2022-04-14
call,305.0,45.35,46.55,2022-04-14
call,310.0,41.8,42.7,2022-04-14
call,315.0,38.45,38.75,2022-04-14
call,320.0,34.85,35.3,2022-04-14
call,325.0,31.55,31.95,2022-04-14
call,330.0,28.0,28.65,2022-04-14
call,335.0,25.3,25.6,2022-04-14
call,340.0,22.55,22.8,2022-04-14
call,345.0,19.85,20.2,2022-04-14
call,350.0,17.4,17.8,2022-04-14
call,355.0,15.4,15.75,2022-04-14
call,360.0,13.45,13.65,2022-04-14
call,365.0,11.7,11.9,2022-04-14
call,370.0,10.15,10.35,2022-04-14
call,375.0,8.75,9.0,2022-04-14
call,380.0,7.55,7.75,2022-04-14
call,385.0,6.5,6.75,2022-04-14
call,390.0,5.6,5.8,2022-04-14
call,395.0,4.8,5.0,2022-04-14
call,400.0,4.15,4.35,2022-04-14
call,410.0,3.1,3.25,2022-04-14
call,420.0,2.36,2.48,2022-04-14
call,430.0,1.81,1.92,2022-04-14
call,440.0,1.37,1.55,2022-04-14
call,450.0,1.17,1.29,2022-04-14
call,460.0,0.99,1.08,2022-04-14
call,470.0,0.83,0.94,2022-04-14
call,480.0,0.68,0.79,2022-04-14
call,490.0,0.63,0.7,2022-04-14
call,500.0,0.51,0.61,2022-04-14
puts,145.0,0.17,0.31,2022-04-14
puts,150.0,0.19,0.35,2022-04-14
puts,155.0,0.23,0.39,2022-04-14
puts,160.0,0.27,0.43,2022-04-14
puts,165.0,0.32,0.48,2022-04-14
puts,170.0,0.37,0.54,2022-04-14
puts,175.0,0.42,0.54,2022-04-14
puts,180.0,0.48,0.6,2022-04-14
puts,185.0,0.55,0.66,2022-04-14
puts,190.0,0.61,0.72,2022-04-14
puts,195.0,0.68,0.86,2022-04-14
puts,200.0,0.77,0.94,2022-04-14
puts,205.0,0.85,0.99,2022-04-14
puts,210.0,0.94,1.06,2022-04-14
puts,215.0,1.05,1.22,2022-04-14
puts,220.0,1.16,1.33,2022-04-14
puts,225.0,1.28,1.43,2022-04-14
puts,230.0,1.45,1.6,2022-04-14
puts,235.0,1.58,1.75,2022-04-14
puts,240.0,1.75,1.92,2022-04-14
puts,245.0,1.95,2.13,2022-04-14
puts,250.0,2.26,2.36,2022-04-14
puts,255.0,2.44,2.62,2022-04-14
puts,260.0,2.83,2.93,2022-04-14
puts,265.0,3.1,3.3,2022-04-14
puts,270.0,3.55,3.7,2022-04-14
puts,275.0,4.0,4.15,2022-04-14
puts,280.0,4.5,4.7,2022-04-14
puts,285.0,5.1,5.3,2022-04-14
puts,290.0,5.75,6.0,2022-04-14
puts,295.0,6.45,6.8,2022-04-14
puts,300.0,7.4,7.7,2022-04-14
puts,305.0,8.45,8.7,2022-04-14
puts,310.0,9.65,9.85,2022-04-14
puts,315.0,10.9,11.15,2022-04-14
puts,320.0,12.35,12.55,2022-04-14
puts,325.0,13.95,14.2,2022-04-14
puts,330.0,15.7,15.95,2022-04-14
puts,335.0,17.7,18.15,2022-04-14
puts,340.0,19.9,20.2,2022-04-14
puts,345.0,22.2,22.65,2022-04-14
puts,350.0,24.8,25.25,2022-04-14
puts,355.0,27.7,28.15,2022-04-14
puts,360.0,30.7,31.15,2022-04-14
puts,365.0,34.0,34.35,2022-04-14
puts,370.0,37.45,37.95,2022-04-14
puts,375.0,40.95,41.6,2022-04-14
puts,380.0,44.7,45.2,2022-04-14
puts,385.0,48.75,49.15,2022-04-14
puts,390.0,52.7,53.15,2022-04-14
puts,395.0,57.05,57.75,2022-04-14
puts,400.0,61.0,61.8,2022-04-14
puts,410.0,70.0,71.25,2022-04-14
call,80.0,261.55,263.25,2022-06-17
call,85.0,256.85,258.15,2022-06-17
call,90.0,251.6,253.3,2022-06-17
call,95.0,246.65,248.3,2022-06-17
call,100.0,241.75,243.3,2022-06-17
call,105.0,224.3,228.8,2022-06-17
call,110.0,230.65,233.35,2022-06-17
call,115.0,226.9,228.3,2022-06-17
call,120.0,222.15,223.4,2022-06-17
call,125.0,217.0,218.2,2022-06-17
call,130.0,212.0,213.3,2022-06-17
call,135.0,206.9,208.45,2022-06-17
call,140.0,202.3,203.5,2022-06-17
call,145.0,197.1,198.45,2022-06-17
call,150.0,192.15,193.5,2022-06-17
call,155.0,187.05,188.75,2022-06-17
call,160.0,182.3,184.7,2022-06-17
call,165.0,177.6,178.85,2022-06-17
call,170.0,172.35,174.0,2022-06-17
call,175.0,167.65,169.05,2022-06-17
call,180.0,162.65,163.95,2022-06-17
call,185.0,157.55,159.3,2022-06-17
call,190.0,152.75,154.4,2022-06-17
call,195.0,148.15,149.3,2022-06-17
call,200.0,143.15,145.55,2022-06-17
call,205.0,138.5,139.75,2022-06-17
call,210.0,133.65,134.8,2022-06-17
call,215.0,128.4,130.2,2022-06-17
call,220.0,123.9,125.4,2022-06-17
call,225.0,119.15,120.4,2022-06-17
call,230.0,114.3,115.9,2022-06-17
call,235.0,109.8,110.95,2022-06-17
call,240.0,104.85,106.3,2022-06-17
call,245.0,100.4,101.85,2022-06-17
call,250.0,95.55,98.1,2022-06-17
call,255.0,91.1,92.75,2022-06-17
call,260.0,86.2,87.85,2022-06-17
call,265.0,82.65,84.2,2022-06-17
call,270.0,77.95,79.2,2022-06-17
call,275.0,73.65,74.9,2022-06-17
call,280.0,69.85,70.65,2022-06-17
call,285.0,65.4,66.55,2022-06-17
call,290.0,61.6,63.45,2022-06-17
call,295.0,56.5,59.35,2022-06-17
call,300.0,53.8,54.75,2022-06-17
call,305.0,49.4,50.75,2022-06-17
call,310.0,46.4,47.1,2022-06-17
call,315.0,42.85,43.7,2022-06-17
call,320.0,39.55,40.3,2022-06-17
call,325.0,36.5,37.1,2022-06-17
call,330.0,33.45,33.95,2022-06-17
call,335.0,30.4,31.05,2022-06-17
call,340.0,27.85,28.4,2022-06-17
call,345.0,25.15,25.85,2022-06-17
call,350.0,22.9,23.4,2022-06-17
call,355.0,20.65,21.1,2022-06-17
call,360.0,18.55,19.0,2022-06-17
call,365.0,16.7,17.1,2022-06-17
call,370.0,14.85,15.35,2022-06-17
call,375.0,13.35,13.7,2022-06-17
call,380.0,11.85,12.25,2022-06-17
call,385.0,10.65,10.9,2022-06-17
call,390.0,9.5,9.75,2022-06-17
call,395.0,8.4,8.7,2022-06-17
call,400.0,7.45,7.75,2022-06-17
call,405.0,6.6,6.9,2022-06-17
call,410.0,5.85,6.15,2022-06-17
call,415.0,5.25,5.5,2022-06-17
call,420.0,4.6,4.9,2022-06-17
call,425.0,4.1,4.4,2022-06-17
call,430.0,3.65,3.95,2022-06-17
call,435.0,3.3,3.55,2022-06-17
call,440.0,2.91,3.15,2022-06-17
call,450.0,2.35,2.57,2022-06-17
call,460.0,1.92,2.15,2022-06-17
call,470.0,1.65,1.84,2022-06-17
call,480.0,1.4,1.52,2022-06-17
call,490.0,1.13,1.37,2022-06-17
call,500.0,1.01,1.16,2022-06-17
puts,80.0,0.05,0.14,2022-06-17
puts,85.0,0.1,0.16,2022-06-17
puts,90.0,0.46,0.6,2022-06-17
puts,95.0,0.06,0.85,2022-06-17
puts,100.0,0.09,0.23,2022-06-17
puts,105.0,0.11,0.26,2022-06-17
puts,110.0,0.13,0.29,2022-06-17
puts,115.0,0.18,0.32,2022-06-17
puts,120.0,0.21,0.36,2022-06-17
puts,125.0,0.3,0.4,2022-06-17
puts,130.0,0.32,0.45,2022-06-17
puts,135.0,0.36,0.56,2022-06-17
puts,140.0,0.4,0.55,2022-06-17
puts,145.0,0.46,0.61,2022-06-17
puts,150.0,0.52,0.68,2022-06-17
puts,155.0,0.59,0.75,2022-06-17
puts,160.0,0.66,0.83,2022-06-17
puts,165.0,0.74,0.91,2022-06-17
puts,170.0,0.82,1.0,2022-06-17
puts,175.0,0.91,1.1,2022-06-17
puts,180.0,1.0,1.2,2022-06-17
puts,185.0,1.11,1.31,2022-06-17
puts,190.0,1.22,1.43,2022-06-17
puts,195.0,1.34,1.53,2022-06-17
puts,200.0,1.48,1.69,2022-06-17
puts,205.0,1.63,1.82,2022-06-17
puts,210.0,1.79,2.0,2022-06-17
puts,215.0,1.97,2.19,2022-06-17
puts,220.0,2.18,2.4,2022-06-17
puts,225.0,2.4,2.62,2022-06-17
puts,230.0,2.65,2.88,2022-06-17
puts,235.0,2.93,3.2,2022-06-17
puts,240.0,3.25,3.55,2022-06-17
puts,245.0,3.6,3.85,2022-06-17
puts,250.0,4.0,4.3,2022-06-17
puts,255.0,4.45,4.7,2022-06-17
puts,260.0,4.95,5.2,2022-06-17
puts,265.0,5.5,5.8,2022-06-17
puts,270.0,6.1,6.45,2022-06-17
puts,275.0,6.75,7.1,2022-06-17
puts,280.0,7.6,7.95,2022-06-17
puts,285.0,8.4,8.8,2022-06-17
puts,290.0,9.35,9.75,2022-06-17
puts,295.0,10.45,10.75,2022-06-17
puts,300.0,11.55,11.9,2022-06-17
puts,305.0,12.8,13.15,2022-06-17
puts,310.0,14.15,14.55,2022-06-17
puts,315.0,15.7,16.1,2022-06-17
puts,320.0,17.35,17.65,2022-06-17
puts,325.0,19.15,19.5,2022-06-17
puts,330.0,21.05,21.6,2022-06-17
puts,335.0,23.1,23.65,2022-06-17
puts,340.0,25.35,25.85,2022-06-17
puts,345.0,27.85,28.35,2022-06-17
puts,350.0,30.45,31.05,2022-06-17
puts,355.0,33.1,33.5,2022-06-17
puts,360.0,36.15,36.65,2022-06-17
puts,365.0,39.15,39.85,2022-06-17
puts,370.0,42.45,42.85,2022-06-17
puts,375.0,45.8,46.15,2022-06-17
puts,380.0,49.3,49.8,2022-06-17
puts,385.0,53.05,53.4,2022-06-17
puts,390.0,56.8,57.35,2022-06-17
puts,395.0,88.4,89.85,2022-06-17
puts,400.0,64.8,65.3,2022-06-17
puts,405.0,68.8,69.5,2022-06-17
puts,410.0,73.05,74.1,2022-06-17
puts,415.0,89.5,91.3,2022-06-17
puts,420.0,121.55,122.45,2022-06-17
puts,435.0,144.95,149.5,2022-06-17
call,190.0,152.5,154.65,2022-07-15
call,300.0,55.45,57.55,2022-07-15
call,305.0,51.45,52.3,2022-07-15
call,310.0,48.1,48.7,2022-07-15
call,315.0,44.5,45.3,2022-07-15
call,320.0,40.75,43.25,2022-07-15
call,325.0,38.2,38.85,2022-07-15
call,335.0,32.25,33.95,2022-07-15
call,340.0,28.6,30.2,2022-07-15
call,345.0,26.8,27.65,2022-07-15
call,350.0,23.45,25.2,2022-07-15
call,355.0,22.1,22.9,2022-07-15
call,360.0,20.3,20.8,2022-07-15
call,365.0,18.35,18.95,2022-07-15
call,370.0,16.5,17.25,2022-07-15
call,375.0,14.9,15.8,2022-07-15
call,380.0,13.4,13.9,2022-07-15
call,390.0,10.75,11.25,2022-07-15
call,400.0,8.6,9.1,2022-07-15
call,410.0,6.9,7.4,2022-07-15
call,460.0,2.34,2.62,2022-07-15
puts,240.0,3.9,4.15,2022-07-15
puts,245.0,4.25,4.9,2022-07-15
puts,250.0,4.75,5.05,2022-07-15
puts,275.0,7.7,9.05,2022-07-15
puts,280.0,8.5,9.15,2022-07-15
puts,285.0,9.2,10.9,2022-07-15
puts,290.0,9.85,11.0,2022-07-15
puts,295.0,11.65,12.85,2022-07-15
puts,300.0,12.8,13.85,2022-07-15
puts,320.0,18.7,19.25,2022-07-15
puts,325.0,20.6,21.1,2022-07-15
puts,335.0,24.6,25.2,2022-07-15
puts,340.0,26.85,27.65,2022-07-15
puts,345.0,29.3,30.4,2022-07-15
puts,350.0,31.9,32.5,2022-07-15
puts,430.0,90.55,92.7,2022-07-15
call,80.0,261.9,263.25,2022-09-16
call,85.0,256.9,258.3,2022-09-16
call,90.0,251.95,253.15,2022-09-16
call,95.0,207.35,210.65,2022-09-16
call,100.0,241.7,243.4,2022-09-16
call,105.0,236.85,238.3,2022-09-16
call,110.0,231.9,233.4,2022-09-16
call,115.0,227.0,228.35,2022-09-16
call,120.0,222.05,223.5,2022-09-16
call,125.0,216.85,218.6,2022-09-16
call,130.0,212.25,213.45,2022-09-16
call,135.0,206.45,208.7,2022-09-16
call,140.0,202.05,203.65,2022-09-16
call,145.0,197.1,198.65,2022-09-16
call,150.0,192.45,193.75,2022-09-16
call,155.0,187.65,188.85,2022-09-16
call,160.0,182.85,184.0,2022-09-16
call,165.0,177.55,179.1,2022-09-16
call,170.0,171.75,175.4,2022-09-16
call,175.0,168.25,169.55,2022-09-16
call,180.0,163.15,164.55,2022-09-16
call,185.0,158.3,159.75,2022-09-16
call,190.0,153.55,154.95,2022-09-16
call,195.0,148.8,150.15,2022-09-16
call,200.0,144.3,145.4,2022-09-16
call,205.0,139.35,140.9,2022-09-16
call,210.0,134.45,136.2,2022-09-16
call,215.0,129.85,131.3,2022-09-16
call,220.0,125.15,128.0,2022-09-16
call,225.0,120.6,123.3,2022-09-16
call,230.0,115.9,117.45,2022-09-16
call,235.0,111.35,112.9,2022-09-16
call,240.0,107.05,108.45,2022-09-16
call,245.0,102.35,104.0,2022-09-16
call,250.0,98.35,99.4,2022-09-16
call,255.0,94.0,95.05,2022-09-16
call,260.0,88.6,90.8,2022-09-16
call,265.0,85.5,87.85,2022-09-16
call,270.0,81.3,82.65,2022-09-16
call,275.0,77.7,78.85,2022-09-16
call,280.0,73.6,74.85,2022-09-16
call,285.0,69.75,70.95,2022-09-16
call,290.0,65.85,67.8,2022-09-16
call,295.0,61.65,64.0,2022-09-16
call,300.0,58.6,60.1,2022-09-16
call,305.0,54.7,55.75,2022-09-16
call,310.0,51.6,52.3,2022-09-16
call,315.0,48.35,49.0,2022-09-16
call,320.0,45.15,45.85,2022-09-16
call,325.0,42.15,42.7,2022-09-16
call,330.0,39.15,39.85,2022-09-16
call,335.0,36.4,37.1,2022-09-16
call,340.0,33.75,34.45,2022-09-16
call,345.0,31.15,31.85,2022-09-16
call,350.0,28.85,29.45,2022-09-16
call,355.0,26.55,27.15,2022-09-16
call,360.0,24.45,25.0,2022-09-16
call,365.0,22.4,23.1,2022-09-16
call,370.0,20.55,21.15,2022-09-16
call,375.0,18.85,19.3,2022-09-16
call,380.0,17.2,17.7,2022-09-16
call,385.0,15.7,16.15,2022-09-16
call,390.0,14.3,14.75,2022-09-16
call,395.0,13.0,13.45,2022-09-16
call,400.0,11.85,12.2,2022-09-16
call,405.0,10.8,11.25,2022-09-16
call,410.0,9.8,10.15,2022-09-16
call,415.0,8.9,9.3,2022-09-16
call,420.0,8.1,8.45,2022-09-16
call,425.0,7.3,7.7,2022-09-16
call,430.0,6.65,7.0,2022-09-16
call,435.0,6.0,6.4,2022-09-16
call,440.0,5.45,5.8,2022-09-16
call,450.0,4.45,4.9,2022-09-16
call,460.0,3.8,4.1,2022-09-16
call,470.0,3.2,3.45,2022-09-16
call,480.0,2.73,2.95,2022-09-16
call,490.0,2.36,2.49,2022-09-16
call,500.0,2.0,2.18,2022-09-16
puts,80.0,0.18,0.25,2022-09-16
puts,85.0,0.13,0.3,2022-09-16
puts,90.0,0.17,0.34,2022-09-16
puts,95.0,0.25,0.38,2022-09-16
puts,100.0,0.23,0.42,2022-09-16
puts,105.0,0.27,0.46,2022-09-16
puts,110.0,0.32,0.51,2022-09-16
puts,115.0,0.36,0.57,2022-09-16
puts,120.0,0.41,0.63,2022-09-16
puts,125.0,0.47,0.7,2022-09-16
puts,130.0,0.54,0.78,2022-09-16
puts,135.0,0.62,0.87,2022-09-16
puts,140.0,0.75,0.96,2022-09-16
puts,145.0,0.78,1.05,2022-09-16
puts,150.0,0.87,1.16,2022-09-16
puts,155.0,1.05,1.27,2022-09-16
puts,160.0,1.08,1.37,2022-09-16
puts,165.0,1.25,1.45,2022-09-16
puts,170.0,1.33,1.56,2022-09-16
puts,175.0,1.55,1.76,2022-09-16
puts,180.0,1.62,1.89,2022-09-16
puts,185.0,1.79,2.06,2022-09-16
puts,190.0,2.1,2.28,2022-09-16
puts,195.0,2.31,2.48,2022-09-16
puts,200.0,2.44,2.68,2022-09-16
puts,205.0,2.69,2.96,2022-09-16
puts,210.0,3.0,3.25,2022-09-16
puts,215.0,3.25,3.6,2022-09-16
puts,220.0,3.6,3.9,2022-09-16
puts,225.0,4.0,4.3,2022-09-16
puts,230.0,4.4,4.65,2022-09-16
puts,235.0,4.85,5.15,2022-09-16
puts,240.0,5.3,5.6,2022-09-16
puts,245.0,5.8,6.2,2022-09-16
puts,250.0,6.4,6.75,2022-09-16
puts,255.0,7.05,7.45,2022-09-16
puts,260.0,7.75,8.1,2022-09-16
puts,265.0,8.55,8.9,2022-09-16
puts,270.0,9.35,9.8,2022-09-16
puts,275.0,10.3,10.75,2022-09-16
puts,280.0,11.35,11.75,2022-09-16
puts,285.0,12.45,12.8,2022-09-16
puts,290.0,13.6,14.0,2022-09-16
puts,295.0,14.85,15.25,2022-09-16
puts,300.0,16.15,16.6,2022-09-16
puts,305.0,17.7,18.15,2022-09-16
puts,310.0,19.2,19.7,2022-09-16
puts,315.0,20.9,21.4,2022-09-16
puts,320.0,22.65,23.2,2022-09-16
puts,325.0,24.6,25.15,2022-09-16
puts,330.0,26.6,27.15,2022-09-16
puts,335.0,28.8,29.55,2022-09-16
puts,340.0,31.15,31.7,2022-09-16
puts,345.0,33.55,34.25,2022-09-16
puts,350.0,36.2,36.8,2022-09-16
puts,355.0,38.85,39.5,2022-09-16
puts,360.0,41.7,42.35,2022-09-16
puts,365.0,44.75,45.35,2022-09-16
puts,370.0,47.9,48.65,2022-09-16
puts,375.0,51.05,51.55,2022-09-16
puts,380.0,54.4,55.0,2022-09-16
puts,385.0,57.95,58.5,2022-09-16
puts,390.0,66.5,70.8,2022-09-16
puts,395.0,65.2,65.95,2022-09-16
puts,400.0,68.95,69.55,2022-09-16
puts,405.0,72.85,73.35,2022-09-16
puts,410.0,76.9,77.4,2022-09-16
puts,415.0,80.85,81.75,2022-09-16
puts,420.0,85.1,85.7,2022-09-16
puts,425.0,141.5,146.0,2022-09-16
puts,430.0,140.7,145.5,2022-09-16
puts,435.0,145.5,150.0,2022-09-16
puts,440.0,150.0,155.0,2022-09-16
puts,450.0,116.15,117.15,2022-09-16
puts,460.0,120.6,121.65,2022-09-16
puts,500.0,158.65,159.9,2022-09-16
call,105.0,237.05,238.35,2023-01-20
call,110.0,232.0,233.55,2023-01-20
call,115.0,226.85,229.95,2023-01-20
call,120.0,222.2,223.65,2023-01-20
call,125.0,217.3,218.75,2023-01-20
call,130.0,211.05,214.8,2023-01-20
call,135.0,206.25,209.05,2023-01-20
call,140.0,202.65,203.95,2023-01-20
call,145.0,197.8,199.1,2023-01-20
call,150.0,192.7,195.4,2023-01-20
call,155.0,187.8,189.7,2023-01-20
call,160.0,183.3,184.75,2023-01-20
call,165.0,178.3,180.1,2023-01-20
call,170.0,173.9,175.15,2023-01-20
call,175.0,169.1,170.4,2023-01-20
call,180.0,164.4,165.7,2023-01-20
call,185.0,159.4,162.05,2023-01-20
call,190.0,154.7,156.6,2023-01-20
call,195.0,150.4,151.7,2023-01-20
call,200.0,145.65,148.75,2023-01-20
call,205.0,140.3,142.3,2023-01-20
call,210.0,135.2,137.8,2023-01-20
call,215.0,132.3,133.3,2023-01-20
call,220.0,127.5,128.85,2023-01-20
call,225.0,123.4,124.4,2023-01-20
call,230.0,118.95,120.05,2023-01-20
call,235.0,114.6,115.95,2023-01-20
call,240.0,110.25,111.45,2023-01-20
call,245.0,106.1,107.2,2023-01-20
call,250.0,101.9,103.05,2023-01-20
call,255.0,97.8,98.95,2023-01-20
call,260.0,93.85,94.9,2023-01-20
call,265.0,89.75,90.95,2023-01-20
call,270.0,85.85,87.05,2023-01-20
call,275.0,82.35,83.2,2023-01-20
call,280.0,78.6,79.45,2023-01-20
call,285.0,74.75,75.8,2023-01-20
call,290.0,71.2,72.2,2023-01-20
call,295.0,67.65,68.75,2023-01-20
call,300.0,64.2,65.2,2023-01-20
call,305.0,61.1,61.75,2023-01-20
call,310.0,57.65,58.65,2023-01-20
call,315.0,54.5,55.5,2023-01-20
call,320.0,51.45,52.5,2023-01-20
call,325.0,48.6,49.55,2023-01-20
call,330.0,45.8,46.6,2023-01-20
call,335.0,43.05,43.9,2023-01-20
call,340.0,40.5,41.25,2023-01-20
call,345.0,38.0,38.95,2023-01-20
call,350.0,35.45,36.5,2023-01-20
call,355.0,33.2,34.5,2023-01-20
call,360.0,31.1,31.95,2023-01-20
call,365.0,28.95,29.85,2023-01-20
call,370.0,27.05,28.0,2023-01-20
call,375.0,25.15,26.2,2023-01-20
call,380.0,23.5,24.3,2023-01-20
call,385.0,21.7,22.6,2023-01-20
call,390.0,20.25,21.25,2023-01-20
call,395.0,18.8,19.75,2023-01-20
call,400.0,17.4,18.4,2023-01-20
call,405.0,16.1,17.1,2023-01-20
call,410.0,14.95,15.95,2023-01-20
call,415.0,13.95,14.8,2023-01-20
call,420.0,12.65,13.85,2023-01-20
call,425.0,11.85,12.9,2023-01-20
call,430.0,10.95,11.95,2023-01-20
call,435.0,10.0,11.15,2023-01-20
call,440.0,9.35,10.35,2023-01-20
call,450.0,8.3,8.95,2023-01-20
call,460.0,6.9,7.75,2023-01-20
call,470.0,5.9,6.75,2023-01-20
call,480.0,5.05,5.8,2023-01-20
call,490.0,4.3,5.1,2023-01-20
call,500.0,4.0,4.45,2023-01-20
puts,105.0,0.61,0.74,2023-01-20
puts,110.0,0.68,0.83,2023-01-20
puts,115.0,0.76,0.93,2023-01-20
puts,120.0,0.75,1.04,2023-01-20
puts,125.0,0.86,1.15,2023-01-20
puts,130.0,0.96,1.28,2023-01-20
puts,135.0,1.08,1.41,2023-01-20
puts,140.0,1.2,1.56,2023-01-20
puts,145.0,1.47,1.66,2023-01-20
puts,150.0,1.6,1.88,2023-01-20
puts,155.0,1.66,2.01,2023-01-20
puts,160.0,1.82,2.26,2023-01-20
puts,165.0,2.02,2.47,2023-01-20
puts,170.0,2.22,2.69,2023-01-20
puts,175.0,2.45,2.93,2023-01-20
puts,180.0,2.7,3.25,2023-01-20
puts,185.0,3.0,3.5,2023-01-20
puts,190.0,3.35,3.85,2023-01-20
puts,195.0,3.55,4.2,2023-01-20
puts,200.0,3.9,4.55,2023-01-20
puts,205.0,4.3,4.95,2023-01-20
puts,210.0,4.7,5.2,2023-01-20
puts,215.0,5.15,5.85,2023-01-20
puts,220.0,5.75,6.4,2023-01-20
puts,225.0,6.1,6.85,2023-01-20
puts,230.0,6.85,7.4,2023-01-20
puts,235.0,7.4,8.05,2023-01-20
puts,240.0,8.1,8.8,2023-01-20
puts,245.0,8.75,9.5,2023-01-20
puts,250.0,9.45,10.2,2023-01-20
puts,255.0,10.35,11.0,2023-01-20
puts,260.0,11.3,12.1,2023-01-20
puts,265.0,12.25,13.15,2023-01-20
puts,270.0,13.25,14.2,2023-01-20
puts,275.0,14.35,15.4,2023-01-20
puts,280.0,15.55,16.6,2023-01-20
puts,285.0,16.75,17.7,2023-01-20
puts,290.0,18.15,19.25,2023-01-20
puts,295.0,19.6,20.7,2023-01-20
puts,300.0,21.1,22.0,2023-01-20
puts,305.0,22.7,23.55,2023-01-20
puts,310.0,24.4,25.3,2023-01-20
puts,315.0,26.3,27.2,2023-01-20
puts,320.0,28.2,29.2,2023-01-20
puts,325.0,30.2,31.45,2023-01-20
puts,330.0,32.35,33.6,2023-01-20
puts,335.0,34.6,35.65,2023-01-20
puts,340.0,36.95,38.25,2023-01-20
puts,345.0,39.35,40.6,2023-01-20
puts,350.0,42.0,43.1,2023-01-20
puts,355.0,44.65,45.95,2023-01-20
puts,360.0,47.5,48.85,2023-01-20
puts,365.0,50.35,51.75,2023-01-20
puts,370.0,53.4,54.45,2023-01-20
puts,375.0,56.6,57.8,2023-01-20
puts,380.0,59.8,60.85,2023-01-20
puts,385.0,63.15,64.4,2023-01-20
puts,390.0,66.65,67.8,2023-01-20
puts,395.0,70.15,71.25,2023-01-20
puts,400.0,73.85,74.85,2023-01-20
puts,405.0,77.45,78.55,2023-01-20
puts,410.0,81.3,82.35,2023-01-20
puts,415.0,84.95,86.35,2023-01-20
puts,420.0,88.85,90.2,2023-01-20
puts,425.0,93.15,94.7,2023-01-20
puts,430.0,97.0,98.4,2023-01-20
puts,435.0,101.4,102.65,2023-01-20
puts,440.0,137.0,141.5,2023-01-20
puts,450.0,114.25,115.5,2023-01-20
puts,460.0,123.1,124.35,2023-01-20
puts,470.0,132.25,133.1,2023-01-20
puts,480.0,141.3,142.2,2023-01-20
puts,490.0,150.45,151.45,2023-01-20
puts,500.0,158.45,161.1,2023-01-20
call,110.0,230.5,235.0,2023-03-17
call,115.0,226.15,229.4,2023-03-17
call,120.0,221.0,225.5,2023-03-17
call,125.0,216.0,220.5,2023-03-17
call,130.0,211.5,215.5,2023-03-17
call,135.0,206.6,209.95,2023-03-17
call,140.0,189.5,194.5,2023-03-17
call,145.0,197.05,201.5,2023-03-17
call,150.0,192.05,196.5,2023-03-17
call,155.0,145.5,150.0,2023-03-17
call,160.0,130.5,135.0,2023-03-17
call,165.0,178.0,181.3,2023-03-17
call,170.0,173.7,176.25,2023-03-17
call,175.0,169.1,171.55,2023-03-17
call,180.0,164.05,168.5,2023-03-17
call,185.0,159.5,164.0,2023-03-17
call,190.0,155.05,159.5,2023-03-17
call,195.0,150.0,153.5,2023-03-17
call,200.0,146.0,150.0,2023-03-17
call,205.0,141.0,144.5,2023-03-17
call,210.0,137.0,141.0,2023-03-17
call,215.0,132.0,135.65,2023-03-17
call,220.0,128.2,130.9,2023-03-17
call,225.0,124.05,127.5,2023-03-17
call,230.0,119.6,122.3,2023-03-17
call,235.0,115.3,118.05,2023-03-17
call,240.0,111.05,114.25,2023-03-17
call,245.0,106.9,109.75,2023-03-17
call,250.0,102.5,106.5,2023-03-17
call,255.0,98.8,101.7,2023-03-17
call,260.0,94.9,98.5,2023-03-17
call,265.0,91.1,95.0,2023-03-17
call,270.0,87.35,91.0,2023-03-17
call,275.0,83.3,87.0,2023-03-17
call,280.0,79.75,82.7,2023-03-17
call,285.0,76.25,80.0,2023-03-17
call,290.0,72.35,76.5,2023-03-17
call,295.0,68.95,72.2,2023-03-17
call,300.0,65.65,68.75,2023-03-17
call,305.0,62.1,66.5,2023-03-17
call,310.0,58.95,63.0,2023-03-17
call,315.0,56.3,59.45,2023-03-17
call,320.0,53.0,57.0,2023-03-17
call,325.0,50.4,53.5,2023-03-17
call,330.0,47.25,51.5,2023-03-17
call,335.0,44.05,48.5,2023-03-17
call,340.0,42.2,45.45,2023-03-17
call,345.0,39.1,43.45,2023-03-17
call,350.0,36.65,41.3,2023-03-17
call,355.0,34.5,38.95,2023-03-17
call,360.0,33.4,36.7,2023-03-17
call,365.0,31.5,34.65,2023-03-17
call,370.0,29.4,33.0,2023-03-17
call,375.0,27.6,29.25,2023-03-17
call,380.0,25.75,28.9,2023-03-17
call,385.0,23.95,27.0,2023-03-17
call,390.0,22.8,25.5,2023-03-17
call,395.0,21.25,23.4,2023-03-17
call,400.0,18.45,22.5,2023-03-17
call,405.0,18.35,20.55,2023-03-17
call,410.0,16.45,19.25,2023-03-17
call,415.0,14.55,18.55,2023-03-17
call,420.0,14.25,16.9,2023-03-17
call,425.0,13.3,15.85,2023-03-17
call,430.0,11.75,15.25,2023-03-17
call,435.0,11.4,13.9,2023-03-17
call,440.0,9.5,14.0,2023-03-17
call,450.0,9.5,12.45,2023-03-17
call,460.0,8.25,10.1,2023-03-17
call,470.0,7.25,8.9,2023-03-17
call,480.0,6.2,9.25,2023-03-17
call,490.0,5.4,7.8,2023-03-17
call,500.0,4.75,6.3,2023-03-17
puts,110.0,0.72,1.04,2023-03-17
puts,115.0,0.7,1.45,2023-03-17
puts,120.0,0.85,1.59,2023-03-17
puts,125.0,0.95,1.61,2023-03-17
puts,130.0,1.07,1.91,2023-03-17
puts,135.0,1.21,2.54,2023-03-17
puts,140.0,1.34,2.27,2023-03-17
puts,145.0,0.17,5.0,2023-03-17
puts,150.0,1.79,2.68,2023-03-17
puts,155.0,1.86,2.91,2023-03-17
puts,160.0,2.09,3.9,2023-03-17
puts,165.0,2.39,2.84,2023-03-17
puts,170.0,1.2,3.75,2023-03-17
puts,175.0,2.78,4.05,2023-03-17
puts,180.0,2.0,6.0,2023-03-17
puts,185.0,2.0,6.5,2023-03-17
puts,190.0,2.5,7.0,2023-03-17
puts,195.0,4.1,7.5,2023-03-17
puts,200.0,4.3,6.0,2023-03-17
puts,205.0,4.0,8.0,2023-03-17
puts,210.0,5.35,8.5,2023-03-17
puts,215.0,5.8,9.0,2023-03-17
puts,220.0,6.5,9.5,2023-03-17
puts,225.0,7.1,10.5,2023-03-17
puts,230.0,7.6,11.0,2023-03-17
puts,235.0,8.35,10.15,2023-03-17
puts,240.0,9.0,12.0,2023-03-17
puts,245.0,9.3,12.0,2023-03-17
puts,250.0,9.55,14.0,2023-03-17
puts,255.0,10.95,13.9,2023-03-17
puts,260.0,12.55,16.0,2023-03-17
puts,265.0,13.95,15.6,2023-03-17
puts,270.0,15.0,18.0,2023-03-17
puts,275.0,16.3,18.0,2023-03-17
puts,280.0,17.4,19.95,2023-03-17
puts,285.0,18.8,20.7,2023-03-17
puts,290.0,19.7,22.2,2023-03-17
puts,295.0,21.15,23.75,2023-03-17
puts,300.0,22.05,25.95,2023-03-17
puts,305.0,24.0,27.15,2023-03-17
puts,310.0,26.75,29.0,2023-03-17
puts,315.0,28.75,31.5,2023-03-17
puts,320.0,30.6,33.5,2023-03-17
puts,325.0,32.65,35.4,2023-03-17
puts,330.0,33.6,37.85,2023-03-17
puts,335.0,35.65,39.85,2023-03-17
puts,340.0,38.8,41.95,2023-03-17
puts,345.0,41.55,44.5,2023-03-17
puts,350.0,44.3,47.45,2023-03-17
puts,355.0,47.2,50.5,2023-03-17
puts,360.0,50.05,53.0,2023-03-17
puts,365.0,52.7,55.95,2023-03-17
puts,370.0,55.9,58.95,2023-03-17
puts,375.0,59.0,62.0,2023-03-17
puts,380.0,61.85,64.65,2023-03-17
puts,385.0,65.45,68.4,2023-03-17
puts,390.0,68.1,71.3,2023-03-17
puts,395.0,71.45,74.75,2023-03-17
puts,400.0,74.85,78.15,2023-03-17
puts,405.0,78.0,82.5,2023-03-17
puts,410.0,81.5,85.55,2023-03-17
puts,415.0,85.5,90.0,2023-03-17
puts,420.0,89.5,93.85,2023-03-17
puts,425.0,93.0,97.5,2023-03-17
puts,430.0,142.5,147.5,2023-03-17
puts,435.0,147.0,152.0,2023-03-17
puts,440.0,152.0,157.0,2023-03-17
puts,450.0,114.2,118.4,2023-03-17
puts,480.0,140.6,145.0,2023-03-17
call,115.0,226.0,230.5,2023-06-16
call,120.0,221.0,226.0,2023-06-16
call,125.0,216.0,220.85,2023-06-16
call,130.0,211.5,216.0,2023-06-16
call,135.0,206.95,211.25,2023-06-16
call,140.0,202.0,206.5,2023-06-16
call,145.0,190.8,193.2,2023-06-16
call,150.0,192.55,196.3,2023-06-16
call,155.0,188.0,192.35,2023-06-16
call,160.0,183.5,188.0,2023-06-16
call,165.0,178.5,183.5,2023-06-16
call,170.0,173.5,178.0,2023-06-16
call,175.0,169.0,173.5,2023-06-16
call,180.0,165.0,168.75,2023-06-16
call,185.0,160.0,163.95,2023-06-16
call,190.0,155.5,159.5,2023-06-16
call,195.0,151.5,155.15,2023-06-16
call,200.0,147.0,150.7,2023-06-16
call,205.0,142.5,146.5,2023-06-16
call,210.0,138.0,142.8,2023-06-16
call,215.0,133.5,138.0,2023-06-16
call,220.0,129.5,133.6,2023-06-16
call,225.0,125.0,129.0,2023-06-16
call,230.0,121.0,125.0,2023-06-16
call,235.0,117.0,121.0,2023-06-16
call,240.0,113.0,117.0,2023-06-16
call,245.0,109.0,113.0,2023-06-16
call,250.0,105.0,109.0,2023-06-16
call,255.0,101.0,105.0,2023-06-16
call,260.0,97.05,101.0,2023-06-16
call,265.0,93.1,97.5,2023-06-16
call,270.0,89.85,94.0,2023-06-16
call,275.0,86.6,90.45,2023-06-16
call,280.0,83.25,87.0,2023-06-16
call,285.0,79.4,83.5,2023-06-16
call,290.0,75.6,79.0,2023-06-16
call,295.0,72.4,76.45,2023-06-16
call,300.0,69.1,73.5,2023-06-16
call,305.0,66.4,70.5,2023-06-16
call,310.0,62.8,66.85,2023-06-16
call,315.0,60.3,63.95,2023-06-16
call,320.0,57.0,60.1,2023-06-16
call,325.0,54.4,58.5,2023-06-16
call,330.0,51.7,56.0,2023-06-16
call,335.0,49.25,53.0,2023-06-16
call,340.0,47.65,50.35,2023-06-16
call,345.0,45.95,48.15,2023-06-16
call,350.0,42.6,45.95,2023-06-16
call,355.0,39.3,43.5,2023-06-16
call,360.0,37.95,41.5,2023-06-16
call,365.0,35.8,39.5,2023-06-16
call,370.0,33.75,37.4,2023-06-16
call,375.0,31.1,35.5,2023-06-16
call,380.0,29.75,33.5,2023-06-16
call,385.0,28.2,31.45,2023-06-16
call,390.0,26.45,30.0,2023-06-16
call,395.0,24.05,28.0,2023-06-16
call,400.0,23.3,27.0,2023-06-16
call,405.0,21.05,25.45,2023-06-16
call,410.0,19.6,23.95,2023-06-16
call,415.0,18.0,22.4,2023-06-16
call,420.0,17.0,21.5,2023-06-16
call,425.0,16.2,20.4,2023-06-16
call,430.0,15.1,19.35,2023-06-16
call,435.0,14.4,16.4,2023-06-16
call,440.0,12.5,17.0,2023-06-16
call,450.0,12.0,15.5,2023-06-16
call,460.0,10.05,14.0,2023-06-16
call,470.0,9.3,12.4,2023-06-16
call,480.0,8.55,9.5,2023-06-16
call,490.0,8.0,9.8,2023-06-16
call,500.0,6.55,8.3,2023-06-16
puts,115.0,1.18,1.97,2023-06-16
puts,120.0,1.4,2.39,2023-06-16
puts,125.0,1.16,2.35,2023-06-16
puts,130.0,1.6,2.55,2023-06-16
puts,135.0,1.9,2.77,2023-06-16
puts,140.0,1.9,3.0,2023-06-16
puts,145.0,1.99,3.25,2023-06-16
puts,150.0,2.4,3.55,2023-06-16
puts,155.0,2.4,3.8,2023-06-16
puts,160.0,2.5,4.1,2023-06-16
puts,165.0,1.0,5.5,2023-06-16
puts,170.0,3.05,4.8,2023-06-16
puts,175.0,3.35,5.2,2023-06-16
puts,180.0,3.65,5.6,2023-06-16
puts,185.0,4.0,7.0,2023-06-16
puts,190.0,4.4,7.5,2023-06-16
puts,195.0,4.85,7.0,2023-06-16
puts,200.0,5.75,7.0,2023-06-16
puts,205.0,5.75,8.15,2023-06-16
puts,210.0,6.3,8.0,2023-06-16
puts,215.0,6.85,9.05,2023-06-16
puts,220.0,6.5,11.0,2023-06-16
puts,225.0,7.55,11.5,2023-06-16
puts,230.0,9.5,11.05,2023-06-16
puts,235.0,8.5,13.0,2023-06-16
puts,240.0,11.0,14.0,2023-06-16
puts,245.0,10.5,15.0,2023-06-16
puts,250.0,12.1,15.5,2023-06-16
puts,255.0,13.2,16.95,2023-06-16
puts,260.0,14.25,18.0,2023-06-16
puts,265.0,15.6,19.0,2023-06-16
puts,270.0,17.6,20.3,2023-06-16
puts,275.0,18.75,21.45,2023-06-16
puts,280.0,20.3,22.75,2023-06-16
puts,285.0,21.7,24.45,2023-06-16
puts,290.0,23.25,26.45,2023-06-16
puts,295.0,24.85,27.85,2023-06-16
puts,300.0,26.55,28.5,2023-06-16
puts,305.0,28.35,29.95,2023-06-16
puts,310.0,30.2,33.45,2023-06-16
puts,315.0,32.25,35.4,2023-06-16
puts,320.0,34.25,37.45,2023-06-16
puts,325.0,36.4,39.5,2023-06-16
puts,330.0,38.45,41.5,2023-06-16
puts,335.0,40.65,44.0,2023-06-16
puts,340.0,43.4,46.45,2023-06-16
puts,345.0,45.15,48.95,2023-06-16
puts,350.0,48.2,51.5,2023-06-16
puts,355.0,49.95,54.0,2023-06-16
puts,360.0,54.0,56.95,2023-06-16
puts,365.0,81.25,84.45,2023-06-16
puts,370.0,59.35,62.5,2023-06-16
puts,375.0,61.95,65.45,2023-06-16
puts,380.0,66.0,69.0,2023-06-16
puts,385.0,69.05,72.0,2023-06-16
puts,390.0,72.55,75.4,2023-06-16
puts,395.0,75.05,78.5,2023-06-16
puts,400.0,77.55,82.45,2023-06-16
puts,405.0,81.05,85.5,2023-06-16
puts,410.0,88.85,91.3,2023-06-16
puts,415.0,123.5,128.5,2023-06-16
puts,420.0,91.5,95.95,2023-06-16
puts,425.0,122.5,127.0,2023-06-16
puts,430.0,134.5,139.0,2023-06-16
puts,435.0,104.0,108.5,2023-06-16
puts,440.0,108.0,112.5,2023-06-16
puts,450.0,116.0,120.5,2023-06-16
call,145.0,198.5,202.1,2024-01-19
call,150.0,194.0,198.5,2024-01-19
call,155.0,189.0,194.0,2024-01-19
call,160.0,184.5,189.5,2024-01-19
call,165.0,180.0,185.0,2024-01-19
call,170.0,176.0,181.0,2024-01-19
call,175.0,171.5,176.0,2024-01-19
call,180.0,167.0,172.0,2024-01-19
call,185.0,162.0,167.0,2024-01-19
call,190.0,158.0,163.0,2024-01-19
call,195.0,153.5,158.5,2024-01-19
call,200.0,149.5,154.5,2024-01-19
call,205.0,145.5,150.5,2024-01-19
call,210.0,141.5,146.5,2024-01-19
call,215.0,137.5,142.0,2024-01-19
call,220.0,133.0,138.0,2024-01-19
call,225.0,129.5,134.0,2024-01-19
call,230.0,125.5,130.0,2024-01-19
call,235.0,121.5,126.0,2024-01-19
call,240.0,117.5,122.5,2024-01-19
call,245.0,113.5,118.5,2024-01-19
call,250.0,110.0,115.0,2024-01-19
call,255.0,106.0,111.0,2024-01-19
call,260.0,103.0,108.0,2024-01-19
call,265.0,99.5,104.5,2024-01-19
call,270.0,97.7,101.0,2024-01-19
call,275.0,92.55,97.45,2024-01-19
call,280.0,92.0,95.0,2024-01-19
call,285.0,86.0,91.0,2024-01-19
call,290.0,83.0,88.0,2024-01-19
call,295.0,80.0,85.0,2024-01-19
call,300.0,77.0,82.0,2024-01-19
call,305.0,73.5,78.5,2024-01-19
call,310.0,71.0,76.0,2024-01-19
call,315.0,68.5,73.45,2024-01-19
call,320.0,65.5,70.5,2024-01-19
call,325.0,63.0,68.0,2024-01-19
call,330.0,62.05,65.1,2024-01-19
call,335.0,58.05,62.95,2024-01-19
call,340.0,57.0,59.7,2024-01-19
call,345.0,53.5,57.95,2024-01-19
call,350.0,52.5,55.95,2024-01-19
call,355.0,49.0,53.5,2024-01-19
call,360.0,46.55,51.5,2024-01-19
call,365.0,44.55,49.5,2024-01-19
call,370.0,42.5,47.5,2024-01-19
call,375.0,40.5,45.5,2024-01-19
call,380.0,38.5,45.45,2024-01-19
call,385.0,36.5,41.5,2024-01-19
call,390.0,35.0,40.0,2024-01-19
call,395.0,35.0,38.0,2024-01-19
call,400.0,34.0,35.65,2024-01-19
call,405.0,30.0,35.0,2024-01-19
call,410.0,28.5,33.0,2024-01-19
call,415.0,27.0,32.0,2024-01-19
call,420.0,27.0,30.45,2024-01-19
call,425.0,24.5,29.5,2024-01-19
call,430.0,23.0,28.0,2024-01-19
call,435.0,22.0,27.0,2024-01-19
call,440.0,20.5,25.45,2024-01-19
call,450.0,19.95,21.95,2024-01-19
call,460.0,18.0,21.5,2024-01-19
call,470.0,15.05,19.95,2024-01-19
call,480.0,15.4,18.45,2024-01-19
call,490.0,13.0,16.45,2024-01-19
call,500.0,11.0,15.45,2024-01-19
puts,145.0,2.4,4.0,2024-01-19
puts,150.0,2.4,6.0,2024-01-19
puts,155.0,1.5,5.5,2024-01-19
puts,160.0,2.0,6.5,2024-01-19
puts,165.0,2.0,7.0,2024-01-19
puts,170.0,2.5,7.5,2024-01-19
puts,175.0,3.0,8.0,2024-01-19
puts,180.0,3.5,8.5,2024-01-19
puts,185.0,4.0,9.0,2024-01-19
puts,190.0,4.5,9.5,2024-01-19
puts,195.0,5.0,10.0,2024-01-19
puts,200.0,6.0,10.5,2024-01-19
puts,205.0,8.0,10.0,2024-01-19
puts,210.0,7.5,12.0,2024-01-19
puts,215.0,8.0,13.0,2024-01-19
puts,220.0,9.0,12.5,2024-01-19
puts,225.0,10.0,14.5,2024-01-19
puts,230.0,10.5,14.5,2024-01-19
puts,235.0,11.5,16.5,2024-01-19
puts,240.0,13.0,17.5,2024-01-19
puts,245.0,14.0,19.0,2024-01-19
puts,250.0,15.0,20.0,2024-01-19
puts,255.0,16.55,21.5,2024-01-19
puts,260.0,17.55,22.5,2024-01-19
puts,265.0,19.0,24.0,2024-01-19
puts,270.0,20.55,25.5,2024-01-19
puts,275.0,22.15,27.0,2024-01-19
puts,280.0,24.75,28.5,2024-01-19
puts,285.0,25.5,30.5,2024-01-19
puts,290.0,27.0,32.0,2024-01-19
puts,295.0,29.05,34.0,2024-01-19
puts,300.0,31.05,35.0,2024-01-19
puts,305.0,33.0,38.0,2024-01-19
puts,310.0,35.45,40.0,2024-01-19
puts,315.0,37.0,42.0,2024-01-19
puts,320.0,39.5,44.0,2024-01-19
puts,325.0,41.5,46.5,2024-01-19
puts,330.0,44.0,49.0,2024-01-19
puts,335.0,46.5,51.0,2024-01-19
puts,340.0,49.15,53.5,2024-01-19
puts,345.0,51.6,56.5,2024-01-19
puts,350.0,54.0,59.0,2024-01-19
puts,355.0,57.0,61.5,2024-01-19
puts,360.0,59.5,64.45,2024-01-19
puts,365.0,62.5,67.0,2024-01-19
puts,370.0,65.5,70.0,2024-01-19
puts,375.0,68.5,73.0,2024-01-19
puts,380.0,71.0,75.5,2024-01-19
puts,385.0,74.5,79.5,2024-01-19
puts,390.0,77.5,82.5,2024-01-19
puts,400.0,84.5,89.0,2024-01-19
puts,405.0,87.5,92.5,2024-01-19
puts,410.0,91.0,95.5,2024-01-19
puts,420.0,98.5,103.0,2024-01-19
puts,425.0,102.0,107.0,2024-01-19
puts,430.0,130.0,134.5,2024-01-19
puts,440.0,113.5,118.5,2024-01-19
puts,450.0,121.5,126.0,2024-01-19
puts,460.0,129.5,134.0,2024-01-19
puts,470.0,137.5,142.5,2024-01-19
puts,480.0,146.0,151.0,2024-01-19
puts,500.0,163.5,168.5,2024-01-19
